Frame,Clock,x,y,h,w,label,score,Events,Sex,Note
2,0:00:00,0,0,720,1280,Positive,0.7135414,NULL,,
469,0:00:18,868,634,76,148,Negative,0.94150037,NULL,,
1995,0:01:19,1086,0,195,194,Positive,0.82716435,Around,F,
1996,0:01:19,917,104,221,360,Positive,0.9914608,Around,F,
1997,0:01:19,952,190,364,309,Positive,0.8334506,Around,F,
1998,0:01:19,943,262,400,196,Positive,0.9764006,Around,F,
1999,0:01:19,799,309,411,319,Positive,0.9983773,Around,F,
2000,0:01:20,770,285,398,302,Positive,0.99958855,Around,F,
2001,0:01:20,640,238,402,435,Positive,0.99597836,Around,F,
2002,0:01:20,653,188,385,532,Positive,0.9989452,Around,F,
2003,0:01:20,683,200,347,393,Positive,0.9995832,Around,F,
2005,0:01:20,742,306,214,83,Negative,0.9377799,Around,F,
2240,0:01:29,832,238,261,167,Positive,0.9917018,Enter,F,
2241,0:01:29,798,299,202,220,Positive,0.98401237,Enter,F,
2398,0:01:35,948,193,131,97,Positive,0.994361,Enter,F,
2512,0:01:40,799,321,176,152,Negative,0.9495524,Enter,F,
2513,0:01:40,753,291,231,200,Positive,0.548898,Enter,F,
2514,0:01:40,757,183,329,189,Positive,0.99981254,Enter,F,
2515,0:01:40,765,375,117,172,Negative,0.9155896,Enter,F,
2516,0:01:40,768,224,312,202,Positive,0.5223572,Enter,F,
3312,0:02:12,878,176,113,123,Negative,0.7412807,Exit,F,
3313,0:02:12,853,187,145,172,Positive,0.9854645,Exit,F,
3314,0:02:12,655,107,546,536,Positive,0.9723198,Exit,F,
3314,0:02:12,1181,128,227,50,Negative,0.9999939,Exit,F,
3314,0:02:12,822,120,171,177,Positive,0.6067717,Exit,F,
3315,0:02:12,718,115,502,454,Positive,0.99739885,Exit,F,
3316,0:02:12,756,313,407,364,Negative,0.5938945,Exit,F,
3317,0:02:12,949,181,318,264,Positive,0.6963387,Exit,F,
3318,0:02:12,1089,269,298,191,Negative,0.9260998,Exit,F,
6026,0:04:01,333,47,673,947,Positive,0.90911096,Fly,,
6027,0:04:01,0,221,448,420,Positive,0.96166414,Fly,,
11276,0:07:31,1000,330,273,280,Negative,0.9362846,Around,F,Feed from outside
11277,0:07:31,853,261,340,325,Positive,0.9398422,Around,F,
11279,0:07:31,626,60,650,584,Positive,0.9358129,Around,F,
11280,0:07:31,672,0,553,434,Positive,0.8841121,Around,F,
11281,0:07:31,649,0,397,587,Negative,0.8174812,Around,F,
11282,0:07:31,665,0,271,348,Negative,0.9248598,Around,F,
11283,0:07:31,853,0,197,309,Negative,0.9761347,Around,F,
11283,0:07:31,663,27,170,215,Positive,0.994521,Around,F,
11322,0:07:32,268,540,180,209,Negative,1,Around,F,
11322,0:07:32,403,0,402,456,Negative,0.9372176,Around,F,
11323,0:07:32,547,0,285,283,Positive,0.98391944,Around,F,
11324,0:07:32,643,62,381,201,Positive,0.965775,Around,F,
11326,0:07:33,642,157,356,228,Positive,0.84383744,Around,F,
11327,0:07:33,636,110,586,270,Positive,0.7953839,Around,F,
11328,0:07:33,691,123,517,275,Positive,0.99419206,Around,F,
11329,0:07:33,684,106,376,502,Positive,0.99999666,Around,F,
11330,0:07:33,754,128,364,253,Positive,0.9998745,Around,F,
11331,0:07:33,717,203,351,384,Negative,0.81063217,Around,F,
11332,0:07:33,684,245,280,480,Negative,0.94681036,Around,F,
11340,0:07:33,764,396,197,288,Positive,0.8732557,Around,F,
11341,0:07:33,734,340,226,263,Negative,0.9499678,Around,F,
11380,0:07:35,812,300,185,178,Positive,0.97640777,Around,F,
11478,0:07:39,689,232,356,499,Positive,0.9421807,Around,F,
11478,0:07:39,694,258,251,207,Positive,0.93477,Around,F,
11479,0:07:39,731,229,326,426,Positive,0.9001356,Around,F,
11481,0:07:39,955,361,135,114,Negative,0.7278298,Around,F,
11481,0:07:39,703,205,178,156,Positive,0.9977958,Around,F,
11482,0:07:39,691,177,178,173,Negative,0.6183264,Around,F,
11483,0:07:39,898,192,247,159,Positive,0.66756827,Around,F,
11625,0:07:45,785,176,310,252,Positive,0.9999995,Around,F,
11626,0:07:45,724,151,345,343,Positive,0.99827373,Around,F,
11627,0:07:45,688,76,456,419,Positive,0.9921342,Around,F,
11628,0:07:45,710,66,566,444,Positive,0.9973036,Around,F,
11629,0:07:45,731,123,416,463,Positive,0.9979532,Around,F,
11630,0:07:45,909,173,547,364,Positive,0.98069376,Around,F,
11630,0:07:45,749,211,394,417,Positive,0.98174703,Around,F,
11658,0:07:46,691,353,357,348,Positive,0.9597799,Around,M,Feed from outside
11659,0:07:46,670,267,438,411,Positive,0.9999714,Around,M,28 Frames difference
11660,0:07:46,760,256,289,264,Positive,0.8920855,Around,M,
11661,0:07:46,780,162,393,272,Positive,0.9993051,Around,M,
11662,0:07:46,757,162,325,418,Positive,0.9951072,Around,M,
11663,0:07:46,660,123,405,542,Positive,0.99679536,Around,M,
11664,0:07:46,719,381,119,88,Positive,0.6173771,Around,M,
11664,0:07:46,726,107,193,280,Positive,0.99760556,Around,M,
11665,0:07:46,673,111,373,333,Positive,0.9998888,Around,M,
11666,0:07:46,663,112,357,374,Positive,0.9998274,Around,M,
11667,0:07:46,677,111,356,138,Positive,0.9730205,Around,M,
11668,0:07:46,709,63,137,202,Negative,0.92862576,Around,M,
11679,0:07:47,941,115,132,125,Positive,0.5125357,Around,M,
11681,0:07:47,942,115,178,260,Positive,0.79712075,Around,M,
11683,0:07:47,852,107,73,211,Negative,0.80255914,Around,M,
11867,0:07:54,738,223,205,130,Positive,0.968038,Around,M,
11867,0:07:54,843,301,133,118,Positive,0.9889392,Around,M,
12021,0:08:00,913,148,103,115,Positive,0.9997725,Around,M,
12022,0:08:00,808,202,228,229,Positive,0.99367815,Around,M,
12131,0:08:05,851,161,184,209,Positive,0.97659826,Around,M,
12132,0:08:05,736,164,343,347,Positive,0.9997002,Around,M,
12133,0:08:05,739,153,342,409,Positive,0.9216728,Around,M,
12134,0:08:05,777,76,564,484,Positive,0.8373248,Around,M,
12135,0:08:05,801,71,398,479,Negative,0.8503712,Around,M,
12136,0:08:05,910,182,308,370,Positive,0.99801135,Around,M,
13617,0:09:04,984,273,447,296,Positive,0.5627977,Around,F,Feed from outside
13618,0:09:04,689,103,538,591,Positive,0.8766792,Around,F,
13619,0:09:04,714,0,499,480,Negative,0.82414025,Around,F,
13620,0:09:04,899,0,351,209,Positive,0.9774491,Around,F,
13621,0:09:04,863,0,151,170,Negative,0.65557975,Around,F,
13661,0:09:06,617,0,292,279,Negative,0.734091,Around,F,
13663,0:09:06,669,0,296,248,Negative,0.75479627,Around,F,
13664,0:09:06,648,0,514,300,Positive,0.9989717,Around,F,
13665,0:09:06,708,56,339,412,Positive,0.9997265,Around,F,
13666,0:09:06,784,98,278,342,Positive,0.9995504,Around,F,
13667,0:09:06,703,116,414,478,Positive,0.9999951,Around,F,
13668,0:09:06,712,170,413,442,Positive,0.99772614,Around,F,
13669,0:09:06,721,318,214,246,Negative,0.72725064,Around,F,
13670,0:09:06,742,211,289,344,Positive,0.94805396,Around,F,
13736,0:09:09,896,644,76,176,Positive,0.79018396,Fly,,
13736,0:09:09,1169,390,159,111,Negative,1,Fly,,
13736,0:09:09,900,0,455,380,Positive,0.6172873,Fly,,
13738,0:09:09,0,0,695,701,Positive,0.90144217,Fly,,
13754,0:09:10,797,226,317,203,Positive,0.9834689,Around,F,
13755,0:09:10,653,223,404,515,Positive,0.93354887,Around,F,
13756,0:09:10,647,246,320,570,Positive,0.9981639,Around,F,
13760,0:09:10,895,383,176,64,Negative,0.8194378,Around,F,
13762,0:09:10,677,180,173,155,Negative,0.5513965,Around,F,
13763,0:09:10,774,341,182,125,Positive,0.9998233,Around,F,
13948,0:09:17,919,155,96,105,Positive,0.9111779,Around,F,
13965,0:09:18,890,165,261,170,Positive,0.7936618,Around,F,
13967,0:09:18,770,101,394,416,Positive,0.998718,Around,F,
13968,0:09:18,782,19,564,498,Positive,0.99536103,Around,F,
13969,0:09:18,796,122,598,484,Positive,0.91561157,Around,F,
16130,0:10:45,417,428,292,406,Negative,0.67605233,Around,F,
16131,0:10:45,532,337,365,477,Positive,0.6272631,Around,F,
16132,0:10:45,573,201,484,470,Positive,0.8898623,Around,F,
16133,0:10:45,636,176,489,284,Positive,0.9940984,Around,F,
16134,0:10:45,723,144,445,215,Positive,0.95124716,Around,F,
16135,0:10:45,729,136,410,344,Positive,0.9934797,Around,F,
16197,0:10:47,773,236,309,226,Positive,0.9508555,Around,F,
16199,0:10:47,642,178,506,537,Positive,0.966855,Around,F,
16201,0:10:48,669,237,335,460,Positive,0.9965737,Around,F,
16202,0:10:48,740,111,472,317,Positive,0.9999341,Around,F,
16203,0:10:48,799,295,218,158,Negative,0.8838228,Around,F,
16203,0:10:48,876,136,74,197,Negative,0.89294845,Around,F,
16408,0:10:56,715,162,356,451,Positive,0.99785537,Enter,F,
16409,0:10:56,761,145,399,378,Positive,0.59283525,Enter,F,
16410,0:10:56,829,207,332,256,Positive,0.98387504,Enter,F,
16412,0:10:56,810,387,104,178,Negative,0.7799122,Enter,F,
16414,0:10:56,851,281,208,145,Positive,0.9814835,Enter,F,
16415,0:10:56,848,244,222,126,Positive,0.8288437,Enter,F,
16420,0:10:56,913,163,178,121,Negative,0.8813957,Enter,F,
16421,0:10:56,874,125,110,135,Negative,0.71693,Enter,F,
16427,0:10:57,846,64,193,158,Negative,0.72167057,Enter,F,
16428,0:10:57,924,85,119,78,Positive,0.8836722,Enter,F,
16433,0:10:57,939,45,163,101,Negative,0.8335189,Enter,F,
16728,0:11:09,887,148,141,126,Positive,0.6719402,Exit,F,
16729,0:11:09,854,170,174,187,Positive,0.9889157,Exit,F,
16730,0:11:09,662,62,439,512,Positive,0.8955226,Exit,F,
16733,0:11:09,926,610,110,308,Positive,0.8334874,Exit,F,
18654,0:12:26,740,557,163,311,Positive,0.8370215,Enter,M,
18655,0:12:26,675,344,373,334,Positive,0.69409144,Enter,M,
18656,0:12:26,647,245,454,527,Positive,0.8470475,Enter,M,
18657,0:12:26,672,270,297,321,Positive,0.9999306,Enter,M,
18660,0:12:26,659,165,401,549,Positive,0.94394255,Enter,M,
18661,0:12:26,784,142,370,323,Positive,0.9999713,Enter,M,
18665,0:12:26,658,112,273,516,Positive,0.97757626,Enter,M,
18666,0:12:26,715,64,147,319,Negative,0.8843941,Enter,M,
18668,0:12:26,668,141,343,158,Positive,0.82578033,Enter,M,
19101,0:12:44,876,150,152,114,Positive,0.8194995,Exit,M,
19103,0:12:44,853,205,166,162,Positive,0.99086154,Exit,M,
19104,0:12:44,845,239,228,197,Negative,0.7492925,Exit,M,
19105,0:12:44,792,266,401,312,Positive,0.9079489,Exit,M,
19105,0:12:44,957,269,160,140,Positive,0.9769057,Exit,M,
19105,0:12:44,887,303,113,94,Positive,0.8935693,Exit,M,
19106,0:12:44,673,407,313,389,Positive,0.88156205,Exit,M,
19106,0:12:44,895,509,211,198,Positive,0.73426974,Exit,M,
19107,0:12:44,796,578,142,271,Negative,0.89843434,Exit,M,
21992,0:14:39,925,557,163,212,Positive,0.96043795,Around,M,Feed from outside
21993,0:14:39,705,444,276,482,Positive,0.8365485,Around,M,
21994,0:14:39,768,349,359,318,Positive,0.9993436,Around,M,
21995,0:14:39,728,267,434,297,Positive,0.9763313,Around,M,
21996,0:14:39,653,157,483,579,Positive,0.9995882,Around,M,
21997,0:14:39,741,144,420,257,Positive,1,Around,M,
21998,0:14:39,717,133,393,233,Positive,0.9999963,Around,M,
21999,0:14:39,687,179,316,325,Positive,0.9812013,Around,M,
22000,0:14:40,714,180,298,361,Positive,0.97918165,Around,M,
22233,0:14:49,669,282,207,269,Positive,0.9869069,Around,M,
22449,0:14:57,932,191,97,106,Positive,0.98050433,Around,M,
22450,0:14:58,939,165,134,102,Positive,0.99942136,Around,M,
22454,0:14:58,905,176,182,139,Negative,0.5420801,Around,M,
22455,0:14:58,838,206,178,226,Positive,0.6772383,Around,M,
22456,0:14:58,669,214,300,419,Positive,0.98268294,Around,M,
22457,0:14:58,685,227,207,445,Positive,0.5567601,Around,M,
22457,0:14:58,692,367,142,275,Positive,0.9853241,Around,M,
22458,0:14:58,705,229,252,494,Positive,0.874937,Around,M,
22459,0:14:58,768,250,333,499,Negative,0.61653125,Around,M,
22460,0:14:58,810,232,488,470,Positive,0.94013715,Around,M,
22460,0:14:58,945,415,111,211,Positive,0.97213566,Around,M,
22461,0:14:58,965,489,231,315,Positive,0.65551627,Around,M,
22779,0:15:11,77,589,131,228,Negative,0.6859878,Around,F,Feed from outside
22780,0:15:11,315,509,211,392,Positive,0.9712758,Around,F,
22781,0:15:11,406,349,345,464,Positive,0.6817384,Around,F,
22782,0:15:11,555,306,398,346,Positive,0.89855796,Around,F,
22783,0:15:11,625,229,457,382,Positive,0.9999242,Around,F,
22784,0:15:11,645,128,501,505,Positive,0.92008036,Around,F,
22785,0:15:11,651,122,408,484,Positive,0.99997926,Around,F,
22786,0:15:11,655,130,441,312,Positive,0.99995625,Around,F,
22787,0:15:11,930,146,176,88,Positive,0.5149146,Around,F,
23069,0:15:22,798,255,210,175,Positive,0.97896636,Inside,F,
23070,0:15:22,719,173,165,149,Negative,0.8692684,Inside,F,
23070,0:15:22,870,192,124,135,Positive,0.81266576,Inside,F,
23071,0:15:22,804,379,137,114,Positive,0.90096176,Inside,F,
23072,0:15:22,773,261,281,260,Positive,0.9779704,Inside,F,
23073,0:15:22,812,308,206,163,Positive,0.89676374,Inside,F,
23075,0:15:23,825,149,335,164,Positive,0.992,Inside,F,
23089,0:15:23,911,91,161,107,Positive,0.98229057,Inside,F,
23876,0:15:55,637,588,132,273,Positive,0.9894455,Fly,,
23877,0:15:55,615,577,143,396,Positive,0.58770967,Fly,,
23878,0:15:55,747,446,274,341,Positive,0.99808264,Fly,,
23879,0:15:55,886,520,200,284,Positive,0.55952567,Fly,,
23880,0:15:55,838,575,145,434,Positive,0.659318,Fly,,
23893,0:15:55,861,163,142,172,Positive,0.9106397,Exit,F,
23894,0:15:55,780,193,207,291,Positive,0.7313068,Exit,F,
23896,0:15:55,656,298,421,446,Positive,0.75292015,Exit,F,
23897,0:15:55,759,384,336,476,Positive,0.61683214,Exit,F,
23897,0:15:55,829,589,106,203,Negative,0.9330265,Exit,F,
23935,0:15:57,853,580,140,193,Positive,0.5489075,Around,M,Feed from outside
23936,0:15:57,788,475,245,334,Positive,0.5434769,Around,M,
23937,0:15:57,694,381,321,449,Positive,0.9088205,Around,M,
23938,0:15:57,642,287,399,296,Negative,0.55734444,Around,M,
23939,0:15:57,622,174,469,381,Positive,0.9771154,Around,M,
23940,0:15:57,641,69,464,528,Positive,0.999997,Around,M,
23941,0:15:57,648,142,415,324,Positive,0.95130503,Around,M,
23942,0:15:57,695,152,368,379,Positive,0.99999666,Around,M,
23943,0:15:57,668,251,116,163,Negative,0.999534,Around,M,
23943,0:15:57,857,155,190,170,Positive,0.9998543,Around,M,
23967,0:15:58,666,285,186,208,Positive,0.9952114,Around,M,
23977,0:15:59,677,308,134,102,Negative,0.94537306,Around,M,
24033,0:16:01,676,300,116,202,Positive,0.6485268,Around,M,
24236,0:16:09,889,146,81,130,Positive,0.95889217,Around,M,
24241,0:16:09,909,167,102,105,Negative,0.64529437,Around,M,
24242,0:16:09,925,134,115,96,Positive,0.91201806,Around,M,
24248,0:16:09,669,300,106,126,Negative,0.9582328,Around,M,
24248,0:16:09,830,150,201,220,Positive,0.9825848,Around,M,
24249,0:16:09,667,189,255,413,Positive,0.9986966,Around,M,
24250,0:16:10,895,194,193,262,Negative,0.5520815,Around,M,
24250,0:16:10,686,205,223,206,Negative,0.7836824,Around,M,
24251,0:16:10,719,207,293,528,Positive,0.8996587,Around,M,
25748,0:17:09,1006,486,234,144,Negative,0.57841164,Around,M,Feed from outside
25749,0:17:09,903,414,306,289,Negative,0.897681,Around,M,
25750,0:17:10,814,362,353,306,Positive,0.8683807,Around,M,
25751,0:17:10,744,309,393,297,Positive,0.95820254,Around,M,
25752,0:17:10,650,235,458,345,Positive,0.7969565,Around,M,
25753,0:17:10,650,153,479,589,Positive,0.9981501,Around,M,
25754,0:17:10,686,139,443,428,Positive,0.99960476,Around,M,
25755,0:17:10,709,132,333,267,Positive,0.9991714,Around,M,
25756,0:17:10,677,157,305,180,Positive,0.77140826,Around,M,
25757,0:17:10,680,183,247,159,Positive,0.9833361,Around,M,
26015,0:17:20,755,407,105,181,Negative,0.9116099,Around,M,
26225,0:17:29,766,365,133,201,Positive,0.8114561,Around,M,
26226,0:17:29,762,361,132,199,Negative,0.63187575,Around,M,
26252,0:17:30,886,121,89,116,Positive,0.87414753,Around,M,
26382,0:17:35,936,135,114,120,Positive,0.9999182,Around,M,
26386,0:17:35,898,149,174,165,Positive,0.95348454,Around,M,
26387,0:17:35,748,154,357,354,Positive,0.9999714,Around,M,
26388,0:17:35,734,161,358,434,Positive,0.9999639,Around,M,
26389,0:17:35,796,157,506,449,Positive,0.98860675,Around,M,
26390,0:17:35,847,130,434,433,Positive,0.9524092,Around,M,
26392,0:17:35,1041,443,277,212,Negative,0.82516867,Around,M,
28323,0:18:52,595,347,373,376,Positive,0.8773884,Enter,F,
28324,0:18:52,569,255,436,444,Positive,0.9270593,Enter,F,
28325,0:18:53,629,188,506,334,Positive,0.9888391,Enter,F,
28326,0:18:53,659,139,397,331,Positive,0.9929999,Enter,F,
28328,0:18:53,757,141,233,330,Positive,0.85125816,Enter,F,
28616,0:19:04,934,146,110,86,Positive,0.9697603,Enter,F,
28642,0:19:05,787,139,333,168,Positive,0.98616195,Enter,F,
28643,0:19:05,799,130,324,160,Positive,0.9905804,Enter,F,
28645,0:19:05,811,234,214,170,Positive,0.8374216,Enter,F,
28646,0:19:05,844,288,182,133,Positive,0.9625365,Enter,F,
28647,0:19:05,861,289,153,125,Positive,0.775656,Enter,F,
28648,0:19:05,869,280,161,137,Positive,0.56802994,Enter,F,
32045,0:21:21,453,377,343,599,Positive,0.5802658,Fly,,
32862,0:21:54,376,382,338,861,Positive,0.69851416,Fly,,
32863,0:21:54,0,0,720,869,Negative,0.7940425,Fly,,
34964,0:23:18,391,588,132,644,Negative,0.9422018,Fly,,
39293,0:26:11,896,155,98,111,Positive,0.97150075,Exit,F,
39294,0:26:11,865,176,107,143,Positive,0.9387291,Exit,F,
39295,0:26:11,843,190,165,166,Negative,0.915634,Exit,F,
39297,0:26:11,613,304,400,481,Positive,0.6059699,Exit,F,
39351,0:26:14,1154,614,106,112,Negative,0.6667103,Enter,M,
39352,0:26:14,873,488,232,309,Negative,0.54073954,Enter,M,
39353,0:26:14,767,383,332,300,Positive,0.6746117,Enter,M,
39354,0:26:14,649,265,437,396,Negative,0.87469095,Enter,M,
39355,0:26:14,745,287,400,333,Positive,0.99959666,Enter,M,
39356,0:26:14,735,233,350,260,Positive,0.6519722,Enter,M,
39357,0:26:14,713,173,444,273,Positive,0.9912582,Enter,M,
39358,0:26:14,696,144,390,377,Positive,0.87805104,Enter,M,
39359,0:26:14,682,129,323,336,Positive,0.9999795,Enter,M,
39361,0:26:14,703,86,175,313,Positive,0.71355027,Enter,M,
39394,0:26:15,816,125,210,181,Positive,0.99999964,Enter,M,
39395,0:26:15,820,156,151,128,Positive,0.99999654,Enter,M,
39401,0:26:16,807,106,153,109,Negative,0.7873712,Enter,M,
39818,0:26:32,855,187,149,146,Positive,0.96676576,Exit,M,
39819,0:26:32,846,217,233,179,Positive,0.9292543,Exit,M,
39820,0:26:32,818,259,332,215,Positive,0.5715213,Exit,M,
39821,0:26:32,726,299,418,397,Positive,0.69613147,Exit,M,
39822,0:26:32,853,571,149,238,Positive,0.6400709,Exit,M,
48826,0:32:33,475,540,180,352,Positive,0.538042,Around,F,Feed from outside
48827,0:32:33,560,411,309,453,Positive,0.9472395,Around,F,
48828,0:32:33,614,302,418,372,Positive,0.99928266,Around,F,
48829,0:32:33,625,251,412,423,Positive,0.99888664,Around,F,
48830,0:32:33,716,199,438,365,Positive,0.98650485,Around,F,
48831,0:32:33,652,139,389,523,Positive,0.9899344,Around,F,
48832,0:32:33,750,131,372,265,Positive,0.9576866,Around,F,
48833,0:32:33,769,133,350,211,Positive,0.98906004,Around,F,
48836,0:32:33,765,127,231,261,Positive,0.6536849,Around,F,
48846,0:32:33,840,394,139,132,Negative,0.9143173,Around,F,
48848,0:32:33,910,130,91,152,Negative,0.86653346,Around,F,
49249,0:32:49,803,217,223,174,Negative,0.77734536,Around,F,
49250,0:32:50,656,181,203,428,Negative,0.8255932,Around,F,
49251,0:32:50,727,131,391,288,Positive,0.9999956,Around,F,
49252,0:32:50,785,127,373,276,Positive,0.976985,Around,F,
49253,0:32:50,807,131,364,228,Positive,0.9279907,Around,F,
49254,0:32:50,811,166,301,240,Positive,0.9034307,Around,F,
49283,0:32:51,854,112,231,180,Negative,0.9267508,Around,F,
49285,0:32:51,672,48,546,491,Positive,0.982398,Around,F,
49286,0:32:51,894,113,607,372,Positive,0.7772894,Around,F,
49286,0:32:51,704,149,403,374,Positive,0.60866034,Around,F,
49287,0:32:51,795,234,486,481,Positive,0.9294489,Around,F,
49288,0:32:51,954,593,127,298,Positive,0.56562984,Around,F,
49288,0:32:51,843,317,118,105,Positive,0.995365,Around,F,
51549,0:34:21,1013,545,175,267,Positive,0.8348175,Around,M,Feed from outside
51550,0:34:22,885,467,248,299,Positive,0.961847,Around,M,
51551,0:34:22,717,401,300,313,Positive,0.89694285,Around,M,
51551,0:34:22,878,495,144,200,Positive,0.949221,Around,M,
51552,0:34:22,675,348,342,285,Positive,0.606866,Around,M,
51553,0:34:22,608,298,383,295,Positive,0.67934966,Around,M,
51554,0:34:22,612,250,334,393,Positive,1,Around,M,
51555,0:34:22,606,130,424,561,Positive,0.9959745,Around,M,
51556,0:34:22,674,108,350,263,Positive,0.99619293,Around,M,
51557,0:34:22,635,121,393,362,Positive,0.99826175,Around,M,
51558,0:34:22,649,109,367,365,Positive,0.93111026,Around,M,
51559,0:34:22,654,131,253,327,Positive,0.53803796,Around,M,
51561,0:34:22,653,223,120,118,Negative,1,Around,M,
51561,0:34:22,857,114,185,207,Positive,0.9633972,Around,M,
51563,0:34:22,646,161,318,326,Positive,0.9475257,Around,M,
51564,0:34:22,759,162,204,351,Positive,0.9222998,Around,M,
51565,0:34:22,911,85,238,132,Negative,0.8913982,Around,M,
51567,0:34:22,755,155,367,410,Positive,0.96444273,Around,M,
51942,0:34:37,877,130,79,135,Positive,0.994445,Around,MF,"Female Flies in, both sex in same frame"
51948,0:34:37,732,140,549,548,Positive,0.9896483,Around,MF,
51949,0:34:37,620,412,308,397,Positive,0.7859415,Around,MF,
51952,0:34:38,427,646,74,126,Negative,0.5288691,Around,MF,
51953,0:34:38,245,623,97,304,Positive,0.5904987,Around,MF,
51954,0:34:38,218,501,218,281,Positive,0.6242792,Around,MF,
51957,0:34:38,229,418,302,434,Negative,0.574801,Around,MF,
51959,0:34:38,235,298,413,610,Positive,0.8877674,Around,MF,
51961,0:34:38,481,342,275,304,Positive,0.5616161,Around,MF,
51962,0:34:38,361,169,408,356,Negative,0.6806652,Around,MF,
51963,0:34:38,486,245,392,203,Positive,0.8316163,Around,MF,
51964,0:34:38,524,222,334,261,Positive,0.6456635,Around,MF,
51965,0:34:38,587,124,387,354,Positive,0.95305496,Around,MF,
51966,0:34:38,626,98,316,175,Positive,0.97633207,Around,MF,
51967,0:34:38,651,87,295,392,Positive,0.9798753,Around,MF,
51968,0:34:38,783,78,268,358,Positive,0.99991894,Around,MF,
51968,0:34:38,667,93,249,312,Positive,0.9999999,Around,MF,
51969,0:34:38,671,50,428,417,Positive,0.999747,Around,MF,
51970,0:34:38,656,0,495,444,Positive,0.9999999,Around,MF,
51971,0:34:38,682,42,557,482,Positive,0.9999976,Around,MF,
51972,0:34:38,684,121,578,561,Positive,0.9776919,Around,MF,
51974,0:34:38,883,214,501,397,Positive,0.6191178,Around,MF,
51979,0:34:39,838,390,145,145,Negative,0.9999982,Around,F,Feed from outside
51979,0:34:39,1033,243,148,105,Negative,0.6639387,Around,F,
52041,0:34:41,794,271,243,192,Positive,0.65123636,Around,F,
52073,0:34:42,753,130,407,295,Positive,0.90909827,Around,F,
52075,0:34:43,648,146,445,540,Positive,0.74880546,Around,F,
52076,0:34:43,645,213,356,355,Negative,0.5397821,Around,F,
52077,0:34:43,661,142,359,436,Positive,0.9688729,Around,F,
52079,0:34:43,791,413,99,155,Positive,0.5840486,Around,F,
52173,0:34:46,862,210,260,120,Positive,0.7369808,Around,F,
52174,0:34:46,652,157,357,500,Positive,0.98655605,Around,F,
52175,0:34:47,708,175,370,461,Positive,0.98549867,Around,F,
52176,0:34:47,689,129,380,402,Positive,0.9327487,Around,F,
52177,0:34:47,728,75,424,237,Positive,0.858632,Around,F,
52178,0:34:47,837,127,72,224,Negative,0.7069413,Around,F,
52230,0:34:49,935,228,187,74,Negative,0.5389736,Around,F,
52235,0:34:49,905,117,205,131,Negative,0.56322575,Around,F,
52236,0:34:49,741,51,504,348,Positive,1,Around,F,
52237,0:34:49,690,51,459,443,Positive,0.9929507,Around,F,
52238,0:34:49,660,87,633,519,Positive,0.9796108,Around,F,
52239,0:34:49,928,232,488,317,Positive,0.8990154,Around,F,
52239,0:34:49,702,281,385,453,Negative,0.7531483,Around,F,
52239,0:34:49,886,399,301,145,Positive,0.98956364,Around,F,
55064,0:36:42,334,495,225,263,Positive,0.83734226,Around,F,Feed from outside
55065,0:36:42,379,382,338,314,Negative,0.80380124,Around,F,
55066,0:36:42,431,302,418,299,Negative,0.61580384,Around,F,
55068,0:36:42,621,294,393,329,Positive,0.53785974,Around,F,
55069,0:36:42,636,207,444,479,Positive,0.99893564,Around,F,
55070,0:36:42,656,150,451,426,Positive,0.99999344,Around,F,
55071,0:36:42,747,118,337,195,Positive,0.9984445,Around,F,
55072,0:36:42,667,122,409,310,Positive,0.9905861,Around,F,
55073,0:36:42,726,129,136,284,Negative,0.76456964,Around,F,
55077,0:36:43,805,128,212,177,Positive,0.52688,Around,F,
55080,0:36:43,927,152,158,242,Positive,0.5580243,Around,F,
55081,0:36:43,777,141,443,282,Positive,0.9964232,Around,F,
55082,0:36:43,800,165,423,273,Positive,0.96232253,Around,F,
55205,0:36:48,878,377,141,70,Positive,0.8285828,Around,F,
55206,0:36:48,678,141,456,487,Positive,0.99992836,Around,F,
55207,0:36:48,722,136,470,357,Positive,0.99999976,Around,F,
55208,0:36:48,708,199,360,334,Positive,0.997152,Around,F,
55209,0:36:48,677,179,373,460,Positive,0.95303226,Around,F,
55210,0:36:48,659,176,278,189,Positive,0.9996007,Around,F,
55211,0:36:48,685,109,106,198,Negative,0.61318827,Around,F,
55261,0:36:50,729,139,390,269,Positive,0.9961105,Around,F,
55262,0:36:50,655,144,382,367,Positive,0.7397295,Around,F,
55263,0:36:50,745,124,390,288,Positive,0.99817145,Around,F,
55264,0:36:50,715,145,366,373,Positive,0.99805236,Around,F,
55267,0:36:50,758,228,454,493,Negative,0.52232957,Around,F,
55268,0:36:50,765,322,398,515,Negative,0.81861836,Around,F,
58025,0:38:41,334,422,298,333,Negative,0.65031904,Around,F,New Event
58026,0:38:41,589,389,331,236,Positive,0.56713736,Around,F,
58027,0:38:41,617,298,387,425,Positive,0.73187786,Around,F,
58028,0:38:41,584,185,484,510,Positive,0.99998677,Around,F,
58028,0:38:41,813,366,184,144,Positive,0.62341404,Around,F,
58029,0:38:41,646,157,458,295,Positive,0.9937302,Around,F,
58030,0:38:41,698,103,398,253,Positive,0.9999858,Around,F,
58031,0:38:41,731,126,438,378,Positive,0.99506325,Around,F,
58032,0:38:41,749,112,395,360,Positive,0.99999607,Around,F,
58033,0:38:41,841,157,187,156,Positive,0.82639384,Around,F,
58258,0:38:50,814,251,177,146,Positive,0.63750553,Enter,F,
58259,0:38:50,755,157,369,218,Positive,0.9215121,Enter,F,
58260,0:38:50,761,440,78,162,Positive,0.91156185,Enter,F,
58261,0:38:50,775,174,328,321,Positive,0.99577713,Enter,F,
58262,0:38:50,718,148,335,341,Positive,0.89896226,Enter,F,
58263,0:38:50,790,408,65,167,Negative,0.98159283,Enter,F,
58263,0:38:50,734,127,198,305,Positive,0.9990293,Enter,F,
58268,0:38:50,818,168,281,158,Positive,0.72246045,Enter,F,
58269,0:38:50,808,201,250,118,Negative,0.831273,Enter,F,
58270,0:38:50,817,176,175,148,Negative,0.9413822,Enter,F,
58292,0:38:51,848,180,133,127,Positive,0.7551318,Enter,F,
58323,0:38:52,885,154,119,83,Negative,0.9423145,Enter,F,
58351,0:38:54,885,123,130,140,Positive,0.95917904,Exit,F,
58352,0:38:54,870,154,157,189,Positive,0.9865959,Exit,F,
58353,0:38:54,858,196,239,233,Positive,0.99911994,Exit,F,
58354,0:38:54,678,187,492,559,Positive,0.77573806,Exit,F,
58355,0:38:54,837,309,411,381,Positive,0.623612,Exit,F,
58356,0:38:54,880,582,138,400,Negative,0.781312,Exit,F,
59431,0:39:37,0,105,615,1075,Positive,0.90992594,Fly,,
60163,0:40:06,828,499,221,298,Positive,0.97627264,Around,M,Feed from outside
60164,0:40:06,670,390,317,295,Positive,0.9511645,Around,M,
60164,0:40:06,887,522,174,76,Negative,0.65984905,Around,M,
60165,0:40:06,621,295,385,314,Positive,0.7032822,Around,M,
60166,0:40:06,643,233,381,435,Positive,0.8668734,Around,M,
60167,0:40:06,670,111,429,333,Positive,0.71479344,Around,M,
60168,0:40:06,656,134,368,353,Positive,0.9988912,Around,M,
60169,0:40:06,609,12,458,350,Positive,1,Around,M,
60170,0:40:06,640,114,355,324,Positive,0.9960018,Around,M,
60171,0:40:06,761,106,242,322,Positive,0.99714655,Around,M,
60171,0:40:06,708,143,151,192,Negative,0.6709325,Around,M,
60172,0:40:06,629,98,222,372,Positive,0.92635167,Around,M,
60173,0:40:06,671,75,229,328,Positive,0.90885067,Around,M,
60174,0:40:06,662,102,334,449,Positive,0.99972564,Around,M,
60175,0:40:07,847,104,202,127,Negative,0.8630243,Around,M,
60190,0:40:07,660,141,398,502,Positive,0.74209136,Around,M,
60190,0:40:07,640,237,298,251,Negative,0.77577597,Around,M,
60191,0:40:07,682,175,377,497,Positive,0.9827759,Around,M,
60192,0:40:07,962,353,100,93,Negative,0.99999666,Around,M,
60192,0:40:07,744,254,192,68,Negative,0.945736,Around,M,
60193,0:40:07,962,145,206,147,Positive,0.99897075,Around,M,
60194,0:40:07,907,256,230,209,Positive,0.9931832,Around,M,
60265,0:40:10,815,351,157,155,Negative,0.72895354,Around,M,
60266,0:40:10,707,200,311,291,Positive,0.6128977,Around,M,
60267,0:40:10,649,189,361,519,Positive,0.93193316,Around,M,
60268,0:40:10,655,202,326,546,Positive,0.9983804,Around,M,
60269,0:40:10,697,116,372,376,Positive,0.9998568,Around,M,
60270,0:40:10,959,110,346,162,Positive,0.9999615,Around,M,
60270,0:40:10,671,172,212,225,Positive,0.78075004,Around,M,
60272,0:40:10,784,101,262,214,Positive,0.9996486,Around,M,
60330,0:40:13,866,189,258,177,Negative,0.7498755,Around,M,
60330,0:40:13,775,238,199,155,Negative,0.7886416,Around,M,
60331,0:40:13,814,232,169,205,Positive,0.74614847,Around,M,
60463,0:40:18,822,134,274,234,Positive,0.99824464,Around,M,
60463,0:40:18,966,212,161,58,Positive,0.73499435,Around,M,
60464,0:40:18,684,128,434,461,Positive,0.99978966,Around,M,
60465,0:40:18,783,160,476,427,Positive,0.90078396,Around,M,
60466,0:40:18,837,77,426,443,Positive,0.88766026,Around,M,
60467,0:40:18,832,219,483,448,Positive,0.7905582,Around,M,
60467,0:40:18,899,261,189,264,Positive,0.90352625,Around,M,
62647,0:41:45,863,631,89,166,Negative,0.9310732,Around,M,Feed from outside
62648,0:41:45,762,503,217,266,Positive,0.69122416,Around,M,
62649,0:41:45,709,396,306,347,Positive,0.81251955,Around,M,
62650,0:41:46,655,285,393,304,Positive,0.7230953,Around,M,
62651,0:41:46,631,223,435,313,Positive,0.992581,Around,M,
62652,0:41:46,609,77,459,557,Positive,0.99991786,Around,M,
62653,0:41:46,652,104,407,344,Positive,0.9815833,Around,M,
62654,0:41:46,687,129,350,288,Positive,0.99960047,Around,M,
62655,0:41:46,830,148,278,281,Positive,0.9935409,Around,M,
62655,0:41:46,671,182,220,335,Positive,0.9648502,Around,M,
62656,0:41:46,739,142,241,345,Negative,0.7624224,Around,M,
62657,0:41:46,706,132,191,241,Positive,0.7013573,Around,M,
62660,0:41:46,646,111,193,345,Negative,0.84912795,Around,M,
62661,0:41:46,929,105,184,237,Positive,0.9893673,Around,M,
62662,0:41:46,749,263,196,96,Negative,0.99802065,Around,M,
62662,0:41:46,795,56,428,232,Positive,0.99998677,Around,M,
62664,0:41:46,996,157,158,108,Positive,0.96116906,Around,M,
62666,0:41:46,901,76,139,158,Negative,0.64435196,Around,M,
62670,0:41:46,861,131,102,112,Negative,0.8526553,Around,M,
62909,0:41:56,677,122,367,355,Positive,0.99667764,Around,M,
62910,0:41:56,675,132,352,388,Positive,0.9541632,Around,M,
62911,0:41:56,696,158,315,434,Positive,0.55924946,Around,M,
62912,0:41:56,731,149,455,489,Positive,0.99068063,Around,M,
62914,0:41:56,857,230,472,423,Negative,0.6891916,Around,M,
62915,0:41:56,1046,557,163,234,Positive,0.92381877,Around,M,
64262,0:42:50,10,419,301,523,Positive,0.9475602,Around,F,
64265,0:42:50,628,262,411,369,Positive,0.58588165,Around,F,
64266,0:42:50,637,91,556,473,Positive,0.99999595,Around,F,
64267,0:42:50,654,80,488,369,Positive,0.99825865,Around,F,
64268,0:42:50,814,87,413,193,Positive,0.93199724,Around,F,
64269,0:42:50,825,110,198,182,Positive,0.821674,Around,F,
64471,0:42:58,890,136,105,141,Positive,0.80678976,Around,F,
64591,0:43:03,811,132,369,126,Positive,0.998889,Enter,F,
64592,0:43:03,809,304,184,145,Positive,0.9848423,Enter,F,
64593,0:43:03,811,301,166,116,Positive,0.7616165,Enter,F,
64594,0:43:03,807,178,282,154,Positive,0.96925104,Enter,F,
64595,0:43:03,814,192,268,162,Positive,0.79652804,Enter,F,
64597,0:43:03,881,219,114,107,Positive,0.6685641,Enter,F,
64600,0:43:04,879,191,130,143,Positive,0.9917298,Enter,F,
65551,0:43:42,930,160,130,105,Negative,0.9033499,Exit,F,
65552,0:43:42,870,193,127,182,Negative,0.62161285,Exit,F,
65553,0:43:42,858,195,210,207,Positive,0.99995923,Exit,F,
65555,0:43:42,697,377,340,410,Positive,0.63624257,Exit,F,
65556,0:43:42,835,441,279,399,Positive,0.52939636,Exit,F,
65574,0:43:42,778,547,173,254,Positive,0.984386,Around,M,18 Frame difference
65575,0:43:43,647,426,268,249,Positive,0.72921336,Around,M,
65575,0:43:43,838,543,123,111,Positive,0.6540062,Around,M,
65576,0:43:43,616,331,356,269,Positive,0.6561175,Around,M,
65577,0:43:43,625,240,404,368,Positive,0.99363893,Around,M,
65578,0:43:43,634,105,440,485,Positive,0.9527878,Around,M,
65579,0:43:43,635,62,419,310,Positive,0.99999917,Around,M,
65580,0:43:43,649,77,434,330,Positive,0.9906749,Around,M,
65581,0:43:43,757,132,175,224,Positive,0.8236068,Around,M,
65582,0:43:43,745,132,343,342,Positive,0.9999999,Around,M,
65584,0:43:43,841,112,195,157,Negative,0.75504005,Around,M,
65655,0:43:46,684,346,125,158,Positive,0.77568984,Around,M,
65727,0:43:49,717,296,130,174,Positive,0.55166006,Around,M,
65744,0:43:49,922,125,116,101,Positive,0.6720814,Around,M,
65750,0:43:50,906,159,148,129,Positive,0.9111059,Around,M,
65751,0:43:50,728,316,166,134,Positive,0.9268978,Around,M,
65751,0:43:50,896,175,172,164,Negative,0.5675575,Around,M,
65752,0:43:50,705,286,191,141,Positive,0.9932696,Around,M,
65752,0:43:50,906,169,207,198,Positive,0.9994143,Around,M,
65753,0:43:50,710,199,258,458,Positive,0.71484447,Around,M,
65755,0:43:50,800,207,494,480,Positive,0.901835,Around,M,
65756,0:43:50,990,472,248,290,Negative,0.58752,Around,M,
67221,0:44:48,889,610,110,130,Negative,0.9031816,Around,M,Feed from outside
67222,0:44:48,830,473,247,284,Positive,0.5473218,Around,M,
67223,0:44:48,656,367,347,308,Negative,0.5778322,Around,M,
67224,0:44:48,632,283,393,304,Positive,0.97836393,Around,M,
67225,0:44:49,683,127,507,389,Positive,1,Around,M,
67226,0:44:49,674,88,400,411,Positive,0.9999924,Around,M,
67227,0:44:49,701,116,304,267,Positive,0.97565514,Around,M,
67228,0:44:49,650,87,367,434,Positive,0.98773766,Around,M,
67230,0:44:49,674,198,258,325,Positive,0.9948592,Around,M,
67231,0:44:49,826,117,248,152,Positive,0.88181025,Around,M,
67232,0:44:49,709,77,329,307,Positive,0.935946,Around,M,
67233,0:44:49,811,94,313,286,Positive,0.9917156,Around,M,
67430,0:44:57,869,139,184,188,Positive,0.7296716,Around,M,
67431,0:44:57,789,138,377,300,Positive,0.9997017,Around,M,
67432,0:44:57,757,157,388,399,Positive,0.99988496,Around,M,
67433,0:44:57,791,210,445,444,Positive,0.5914873,Around,M,
67434,0:44:57,841,178,428,439,Positive,0.95827687,Around,M,
67435,0:44:57,865,229,484,415,Positive,0.6868738,Around,M,
68885,0:45:55,0,539,181,130,Negative,0.7296961,,,
68886,0:45:55,0,480,240,337,Positive,0.53520447,Around,F,
68887,0:45:55,72,382,338,444,Negative,0.9247295,Around,F,
68889,0:45:55,597,223,434,287,Positive,0.83921933,Around,F,
68890,0:45:55,637,60,586,360,Positive,0.9993793,Around,F,
68891,0:45:55,589,73,525,455,Positive,0.99999356,Around,F,
68892,0:45:55,699,126,454,339,Positive,0.9992273,Around,F,
68893,0:45:55,777,150,375,328,Positive,0.9966048,Around,F,
68894,0:45:55,830,180,347,336,Positive,0.9406011,Around,F,
68895,0:45:55,661,219,328,484,Positive,0.9851066,Around,F,
68896,0:45:55,665,182,381,469,Positive,0.9660373,Around,F,
68905,0:45:56,660,257,330,466,Positive,0.9710642,Around,F,
68921,0:45:56,704,381,179,346,Negative,0.7229001,Around,F,
68924,0:45:56,683,396,110,97,Negative,0.83652383,Around,F,
68924,0:45:56,822,123,170,156,Positive,0.99960595,Around,F,
69199,0:46:07,767,176,273,232,Positive,0.99112624,Around,F,
69200,0:46:08,800,154,326,218,Positive,0.98290426,Around,F,
69201,0:46:08,874,162,276,170,Positive,0.9728118,Around,F,
69202,0:46:08,693,67,511,397,Positive,0.99188,Around,F,
69203,0:46:08,698,64,645,464,Positive,0.7746131,Around,F,
69204,0:46:08,754,174,434,465,Positive,0.77132255,Around,F,
69205,0:46:08,761,242,478,519,Positive,0.9590999,Around,F,
70402,0:46:56,690,539,181,256,Positive,0.8009519,Around,M,Feed from outside
70403,0:46:56,597,405,315,326,Positive,0.980534,Around,M,
70404,0:46:56,740,343,335,236,Positive,0.984098,Around,M,
70405,0:46:56,717,292,368,302,Positive,0.96762305,Around,M,
70406,0:46:56,749,246,372,267,Positive,0.97853917,Around,M,
70407,0:46:56,739,189,388,272,Positive,0.9919933,Around,M,
70408,0:46:56,653,135,412,512,Positive,0.9999995,Around,M,
70409,0:46:56,697,129,372,296,Positive,0.99986696,Around,M,
70410,0:46:56,716,341,107,157,Negative,0.75886077,Around,M,
70411,0:46:56,686,223,250,312,Positive,0.9152596,Around,M,
70412,0:46:56,684,319,120,106,Negative,0.9077025,Around,M,
70461,0:46:58,682,291,143,197,Positive,0.91550463,Around,M,
70487,0:46:59,691,318,97,185,Positive,0.9248219,Around,M,
70752,0:47:10,675,318,140,162,Negative,0.7832152,Around,M,
70753,0:47:10,658,259,210,307,Positive,0.60370195,Around,M,
70879,0:47:15,924,148,117,100,Positive,0.99961543,Around,M,
70880,0:47:15,939,159,122,92,Positive,0.9965216,Around,M,
70923,0:47:16,962,179,121,118,Positive,0.9916123,Around,M,
70940,0:47:17,922,177,196,101,Positive,0.91855216,Around,M,
70941,0:47:17,944,189,114,92,Positive,0.99781215,Around,M,
70943,0:47:17,938,203,196,102,Positive,0.7742977,Around,M,
70944,0:47:17,942,223,168,96,Negative,0.5435944,Around,M,
70945,0:47:17,682,251,172,354,Positive,0.9871335,Around,M,
70946,0:47:17,676,237,247,376,Positive,0.9989567,Around,M,
70947,0:47:17,694,211,421,385,Positive,0.9918166,Around,M,
70948,0:47:17,733,225,491,521,Positive,0.9542639,Around,M,
70949,0:47:17,816,277,443,357,Positive,0.8132414,Around,M,
73043,0:48:41,949,533,187,238,Positive,0.66935724,Around,M,Feed from outside
73044,0:48:41,859,448,259,326,Positive,0.5514432,Around,M,
73044,0:48:41,799,566,117,219,Negative,0.742515,Around,M,
73045,0:48:41,675,374,319,310,Negative,0.72325504,Around,M,
73046,0:48:41,618,310,378,321,Positive,0.90915316,Around,M,
73047,0:48:41,624,243,408,529,Positive,0.9980071,Around,M,
73048,0:48:41,579,80,552,624,Positive,0.9594854,Around,M,
73049,0:48:41,637,135,416,325,Positive,0.9999143,Around,M,
73050,0:48:42,653,107,395,319,Negative,0.55122507,Around,M,
73051,0:48:42,659,117,362,448,Positive,0.9999703,Around,M,
73052,0:48:42,877,107,110,121,Negative,0.9226354,Around,M,
73053,0:48:42,843,150,143,176,Negative,0.5296182,Around,M,
73247,0:48:49,755,124,242,247,Negative,0.92110497,Around,M,
73278,0:48:51,888,154,166,133,Positive,0.77673566,Around,M,
73279,0:48:51,661,162,187,387,Positive,0.56821436,Around,M,
73279,0:48:51,655,316,119,177,Positive,0.63676727,Around,M,
73280,0:48:51,659,162,258,442,Positive,0.99659663,Around,M,
73281,0:48:51,695,168,346,500,Positive,0.81945366,Around,M,
73283,0:48:51,946,456,264,334,Positive,0.878566,Around,M,
74650,0:49:46,752,496,224,352,Positive,0.7214174,Around,M,Feed from outside
74651,0:49:46,679,372,330,304,Positive,0.973709,Around,M,
74652,0:49:46,632,283,383,381,Positive,0.73660237,Around,M,
74652,0:49:46,833,576,84,112,Negative,0.8923937,Around,M,
74653,0:49:46,659,143,499,515,Positive,0.9924481,Around,M,
74654,0:49:46,736,139,376,307,Positive,0.99997926,Around,M,
74655,0:49:46,716,103,339,273,Positive,0.99992096,Around,M,
74656,0:49:46,756,136,300,244,Positive,0.999908,Around,M,
74658,0:49:46,686,106,363,329,Positive,0.90913284,Around,M,
74659,0:49:46,677,171,308,356,Positive,0.9655695,Around,M,
74708,0:49:48,668,149,302,344,Positive,0.9997557,Around,M,
74709,0:49:48,647,141,390,497,Positive,0.99966455,Around,M,
74710,0:49:48,648,130,367,329,Positive,0.9995881,Around,M,
74711,0:49:48,668,145,301,319,Positive,0.9985475,Around,M,
74766,0:49:50,837,220,182,208,Negative,0.9469318,Around,M,
74767,0:49:50,663,240,248,405,Positive,0.98112476,Around,M,
74768,0:49:50,685,221,263,444,Positive,0.9984207,Around,M,
74769,0:49:50,723,239,349,470,Positive,0.8948138,Around,M,
74770,0:49:50,784,237,480,453,Positive,0.6438402,Around,M,
74771,0:49:50,942,479,241,319,Positive,0.73684955,Around,M,
76723,0:51:08,743,501,219,370,Negative,0.8158888,Around,M,Feed from outside
76724,0:51:08,711,383,326,351,Positive,0.9715228,Around,M,
76725,0:51:09,801,285,327,287,Positive,0.8058715,Around,M,
76726,0:51:09,794,168,316,265,Positive,0.9473401,Around,M,
76727,0:51:09,661,147,402,337,Positive,0.8468722,Around,M,
76728,0:51:09,666,52,409,326,Positive,0.9927044,Around,M,
76729,0:51:09,646,22,398,348,Positive,0.9999654,Around,M,
76730,0:51:09,681,112,316,363,Positive,0.99949586,Around,M,
76731,0:51:09,634,124,349,347,Positive,0.92863375,Around,M,
76732,0:51:09,647,93,393,382,Positive,0.98319215,Around,M,
76733,0:51:09,662,96,372,583,Positive,0.9995326,Around,M,
76734,0:51:09,892,106,383,311,Positive,0.60570383,Around,M,
76737,0:51:09,1006,233,194,143,Negative,0.939752,Around,M,
76738,0:51:09,702,365,139,235,Negative,0.6836571,Around,M,
77128,0:51:25,763,279,224,145,Negative,0.57179505,Around,M,
77202,0:51:28,964,113,118,91,Positive,0.99821824,Around,M,
77203,0:51:28,906,127,134,170,Positive,0.99965656,Around,M,
77204,0:51:28,719,134,356,386,Positive,0.9958198,Around,M,
77205,0:51:28,719,160,318,433,Positive,0.99704033,Around,M,
77206,0:51:28,743,175,266,489,Positive,0.88206625,Around,M,
77207,0:51:28,790,205,505,490,Negative,0.9171508,Around,M,
77208,0:51:28,854,256,441,426,Positive,0.8123096,Around,M,
77209,0:51:28,1102,505,215,178,Positive,0.86336875,Around,M,
78832,0:52:33,1008,368,352,272,Positive,0.9653737,Around,F,Feed from outside
78833,0:52:33,938,264,443,275,Positive,0.61777043,Around,F,
78834,0:52:33,874,277,423,313,Negative,0.93631375,Around,F,
78835,0:52:33,733,226,463,351,Positive,0.71866786,Around,F,
78836,0:52:33,711,178,454,318,Positive,0.97448903,Around,F,
78837,0:52:33,660,106,443,541,Positive,0.9996369,Around,F,
78838,0:52:33,630,133,354,428,Positive,0.9811188,Around,F,
78839,0:52:33,667,117,317,270,Positive,0.999496,Around,F,
78840,0:52:33,724,150,150,246,Negative,0.85364926,Around,F,
78960,0:52:38,727,221,138,78,Positive,0.999892,Around,F,
79000,0:52:40,914,108,116,97,Positive,0.990387,Around,F,
79040,0:52:41,827,149,177,213,Positive,0.693586,Around,F,
79041,0:52:41,662,155,281,413,Positive,0.9998441,Around,F,
79042,0:52:41,674,164,257,478,Positive,0.99577254,Around,F,
79043,0:52:41,716,177,340,537,Negative,0.505587,Around,F,
79045,0:52:41,1010,522,198,270,Positive,0.7597736,Around,F,
80260,0:53:30,164,629,91,210,Negative,0.89546204,Around,F,Feed from outside
80261,0:53:30,391,524,196,383,Negative,0.7981363,Around,F,
80263,0:53:30,466,305,404,467,Positive,0.99304444,Around,F,
80264,0:53:30,642,223,436,384,Positive,0.99371994,Around,F,
80265,0:53:30,626,165,473,515,Positive,0.99538815,Around,F,
80266,0:53:30,648,131,440,420,Positive,0.9995227,Around,F,
80267,0:53:30,697,109,410,266,Positive,0.9915673,Around,F,
80268,0:53:30,721,122,320,373,Positive,0.99652785,Around,F,
80269,0:53:30,766,169,199,244,Positive,0.9176153,Around,F,
80270,0:53:30,800,180,200,78,Negative,0.7901886,Around,F,
80341,0:53:33,919,241,216,83,Positive,0.9298285,Around,F,
80341,0:53:33,763,180,187,93,Positive,0.6047191,Around,F,
80343,0:53:33,942,243,202,67,Negative,0.7645284,Around,F,
80364,0:53:34,821,287,157,142,Positive,0.65402424,Around,F,
80365,0:53:34,855,325,98,99,Negative,0.53415537,Around,F,
80423,0:53:36,801,214,187,74,Negative,0.7389153,Around,F,
80484,0:53:39,991,452,268,289,Negative,0.8505264,Around,MF,Male Flies in
80485,0:53:39,897,347,369,331,Negative,0.7646597,Around,MF,
80486,0:53:39,773,218,473,330,Positive,0.9981591,Around,MF,
80487,0:53:39,937,87,403,227,Positive,0.9926604,Around,MF,
80488,0:53:39,913,0,402,309,Positive,0.9907582,Around,MF,
80488,0:53:39,707,140,249,226,Positive,0.69864136,Around,MF,
80489,0:53:39,682,0,492,424,Positive,0.99999964,Around,MF,
80490,0:53:39,679,0,571,556,Positive,1,Around,MF,
80491,0:53:39,684,0,571,342,Positive,0.7921575,Around,MF,
80492,0:53:39,628,244,476,577,Positive,0.94457966,Around,MF,
80492,0:53:39,634,450,261,445,Positive,0.75360435,Around,MF,
80492,0:53:39,823,0,161,140,Positive,0.9004208,Around,MF,
80493,0:53:39,775,0,720,299,Positive,0.94286555,Around,MF,
80525,0:53:41,1082,0,172,198,Negative,0.9319934,Around,M,Feed from outside
80526,0:53:41,1034,0,317,246,Positive,0.9941141,Around,M,
80527,0:53:41,880,37,433,364,Positive,0.68495935,Around,M,
80528,0:53:41,852,90,467,273,Positive,0.92708784,Around,M,
80529,0:53:41,718,103,476,325,Positive,0.9987165,Around,M,
80530,0:53:41,663,104,428,343,Positive,0.9853849,Around,M,
80531,0:53:41,620,124,393,341,Positive,0.99929166,Around,M,
80532,0:53:41,647,152,332,210,Positive,0.90100074,Around,M,
80533,0:53:41,650,85,327,330,Negative,0.5986318,Around,M,
80534,0:53:41,679,63,425,298,Positive,0.993547,Around,M,
80536,0:53:41,857,120,117,121,Positive,0.9996032,Around,M,
80561,0:53:42,891,127,97,131,Positive,0.7006913,Around,M,
80625,0:53:45,920,178,93,116,Negative,0.8946321,Around,M,
80626,0:53:45,689,200,295,357,Positive,0.9973105,Around,M,
80629,0:53:45,651,341,145,176,Negative,0.8618507,Around,M,
80630,0:53:45,911,176,112,83,Positive,0.99990666,Around,M,
80754,0:53:50,934,146,161,94,Negative,0.6545842,Around,M,
80763,0:53:50,665,210,280,410,Positive,0.9971023,Around,M,
80764,0:53:50,676,227,256,454,Positive,0.9934622,Around,M,
80765,0:53:50,786,201,300,450,Positive,0.67579883,Around,M,
80765,0:53:50,712,250,199,113,Negative,0.8997914,Around,M,
80766,0:53:50,756,239,414,524,Positive,0.66908526,Around,M,
80767,0:53:50,975,486,234,305,Positive,0.5285466,Around,M,
85375,0:56:55,0,528,192,131,Positive,0.99908173,Around,F,
85379,0:56:55,616,296,396,332,Positive,0.9999639,Around,F,
85380,0:56:55,666,197,490,416,Positive,0.95128447,Around,F,
85381,0:56:55,647,113,523,514,Positive,0.99053955,Around,F,
85382,0:56:55,688,132,432,448,Positive,0.99943215,Around,F,
85383,0:56:55,763,127,433,204,Positive,0.9642557,Around,F,
85384,0:56:55,762,326,189,185,Positive,0.95079255,Around,F,
85650,0:57:06,900,130,132,94,Positive,0.5899165,Enter,F,
85732,0:57:09,784,269,235,112,Negative,0.91322726,Enter,F,
85733,0:57:09,780,217,281,195,Positive,0.8471859,Enter,F,
85736,0:57:09,784,125,322,335,Positive,0.9882218,Enter,F,
85737,0:57:09,785,302,139,142,Positive,0.5204985,Enter,F,
85739,0:57:09,802,197,237,175,Positive,0.9793798,Enter,F,
85740,0:57:09,824,224,194,153,Positive,0.9397694,Enter,F,
85741,0:57:09,834,220,203,153,Positive,0.62114066,Enter,F,
85743,0:57:09,880,191,100,106,Positive,0.8978054,Enter,F,
85744,0:57:09,871,176,171,148,Positive,0.99980253,Enter,F,
85747,0:57:09,895,193,90,139,Negative,0.71384925,Enter,F,
91198,1:00:47,445,182,531,835,Positive,0.5901128,Fly,,Starling
91199,1:00:47,0,0,720,822,Negative,0.5754581,Fly,,
93717,1:02:28,727,584,136,192,Positive,0.7433936,Exit,MF,
93718,1:02:28,717,534,186,227,Positive,0.8966754,Exit,MF,
93720,1:02:28,549,128,548,484,Positive,0.9816301,Exit,MF,
93721,1:02:28,553,182,496,509,Positive,0.9557621,Exit,MF,
93722,1:02:28,616,68,603,491,Positive,0.9990847,Exit,MF,
93723,1:02:28,672,147,556,473,Positive,0.9274463,Exit,MF,
93723,1:02:28,627,319,358,339,Positive,0.83924747,Exit,MF,
93724,1:02:28,642,46,674,597,Positive,0.86524934,Exit,MF,
93725,1:02:29,892,585,135,118,Positive,0.96792364,Exit,MF,
93725,1:02:29,625,0,318,296,Positive,0.6848364,Exit,MF,
93726,1:02:29,648,0,279,250,Positive,0.7209253,Exit,MF,
93727,1:02:29,656,16,200,155,Positive,0.996838,Exit,MF,
93729,1:02:29,678,23,123,105,Negative,0.89386743,Exit,MF,
93763,1:02:30,922,0,172,358,Positive,0.66955656,Around,M,
93764,1:02:30,893,0,314,387,Negative,0.63640577,Around,M,
93765,1:02:30,830,0,233,368,Negative,0.91091007,Around,M,
93766,1:02:30,821,285,137,118,Negative,0.614827,Around,M,
93766,1:02:30,939,0,194,218,Positive,0.97719884,Around,M,
93767,1:02:30,758,20,385,314,Positive,0.9999974,Around,M,
93768,1:02:30,722,42,445,282,Positive,0.9998129,Around,M,
93769,1:02:30,688,72,397,290,Positive,0.7380333,Around,M,
93771,1:02:30,636,143,344,427,Positive,0.9999788,Around,M,
93772,1:02:30,652,150,304,247,Negative,0.5673971,Around,M,
93773,1:02:30,943,211,223,181,Negative,0.99663585,Around,M,
93773,1:02:30,625,231,202,184,Positive,0.9870766,Around,M,
93774,1:02:30,834,171,140,124,Positive,0.92626643,Around,M,
93775,1:02:30,819,165,142,134,Positive,0.69118017,Around,M,
94006,1:02:40,673,289,165,130,Positive,0.9041397,Enter,M,
94007,1:02:40,674,280,170,218,Positive,0.7866601,Enter,M,
94008,1:02:40,683,270,165,218,Negative,0.7959693,Enter,M,
94012,1:02:40,704,250,161,207,Positive,0.9970283,Enter,M,
94013,1:02:40,712,129,274,205,Positive,0.9937325,Enter,M,
94014,1:02:40,705,223,164,247,Positive,0.997251,Enter,M,
94015,1:02:40,722,216,165,238,Positive,0.9863295,Enter,M,
94026,1:02:41,874,102,154,125,Positive,0.9546313,Enter,M,
94212,1:02:48,890,144,145,134,Positive,0.90791863,Exit,M,
94213,1:02:48,873,168,191,182,Positive,0.95262563,Exit,M,
94214,1:02:48,860,230,255,228,Positive,0.9186547,Exit,M,
94215,1:02:48,847,144,505,331,Positive,0.5131388,Exit,M,
94215,1:02:48,891,155,216,186,Positive,0.99850285,Exit,M,
94216,1:02:48,881,418,302,275,Negative,0.9014254,Exit,M,
98213,1:05:28,790,589,131,240,Negative,0.7639853,Around,M,
98217,1:05:28,942,492,228,226,Positive,0.99875677,Around,M,
98218,1:05:28,946,439,281,274,Positive,0.9398584,Around,M,
98219,1:05:28,775,375,323,443,Positive,0.9021641,Around,M,
98220,1:05:28,652,307,361,520,Positive,0.99478614,Around,M,
98221,1:05:28,760,228,457,354,Positive,0.94263077,Around,M,
98222,1:05:28,719,168,400,339,Positive,0.9996381,Around,M,
98223,1:05:28,662,60,432,282,Positive,0.99943894,Around,M,
98223,1:05:28,834,124,276,185,Positive,0.8417895,Around,M,
98224,1:05:28,664,106,364,331,Positive,0.966866,Around,M,
98225,1:05:29,630,122,313,479,Positive,0.99994695,Around,M,
98226,1:05:29,648,115,266,325,Positive,0.84680074,Around,M,
98227,1:05:29,647,157,281,356,Positive,0.99935967,Around,M,
98229,1:05:29,715,140,167,147,Positive,0.9989844,Around,M,
98366,1:05:34,2,431,289,307,Negative,0.50624865,Around,MF,Female Flies in 
98368,1:05:34,246,317,403,312,Negative,0.6619927,Around,MF,
98369,1:05:34,430,301,380,403,Positive,0.9907386,Around,MF,
98370,1:05:34,366,177,490,357,Negative,0.50005114,Around,MF,
98371,1:05:34,519,237,382,221,Positive,0.9968406,Around,MF,
98372,1:05:34,377,98,551,632,Positive,0.93081325,Around,MF,
98373,1:05:34,551,60,492,181,Positive,0.83349574,Around,MF,
98373,1:05:34,911,153,95,109,Positive,0.8829833,Around,MF,
98375,1:05:34,589,77,279,374,Positive,0.9995382,Around,MF,
98376,1:05:35,666,6,367,265,Positive,0.9224508,Around,MF,
98377,1:05:35,667,65,311,206,Positive,0.94301546,Around,MF,
98378,1:05:35,695,64,295,437,Positive,0.99977154,Around,MF,
98379,1:05:35,691,55,370,385,Positive,0.9999988,Around,MF,
98380,1:05:35,699,12,437,350,Positive,0.9999722,Around,MF,
98381,1:05:35,722,83,287,401,Positive,0.9999356,Around,MF,
98382,1:05:35,805,46,337,312,Positive,0.99929714,Around,MF,
98383,1:05:35,766,3,429,303,Positive,0.99568224,Around,MF,
98384,1:05:35,753,239,402,311,Positive,0.99202865,Around,MF,
98385,1:05:35,831,170,350,347,Negative,0.652535,Around,MF,
98386,1:05:35,889,370,222,186,Positive,0.99878937,Around,MF,
98386,1:05:35,660,301,170,152,Negative,0.63006115,Around,MF,
98387,1:05:35,695,61,639,437,Positive,0.9650751,Around,MF,
98388,1:05:35,667,222,498,488,Positive,0.7502653,Around,MF,
98389,1:05:35,855,202,518,366,Positive,0.7174358,Around,MF,
98716,1:05:48,889,158,90,117,Negative,0.7952164,Around,F,Feed from outside
98778,1:05:51,779,122,254,243,Positive,0.98175263,Around,F,
98779,1:05:51,862,136,139,170,Positive,0.9960389,Around,F,
98783,1:05:51,681,150,337,359,Positive,0.9619368,Around,F,
98784,1:05:51,685,154,329,403,Positive,0.99999964,Around,F,
98785,1:05:51,893,155,261,260,Positive,0.94005597,Around,F,
98785,1:05:51,706,228,233,163,Negative,0.8236312,Around,F,
98786,1:05:51,752,158,554,480,Positive,0.917007,Around,F,
98787,1:05:51,751,239,444,529,Positive,0.84479576,Around,F,
98788,1:05:51,954,409,311,326,Negative,0.9016816,Around,F,
102681,1:08:27,1070,358,301,210,Positive,0.5649209,Around,M,Feed from outside
102682,1:08:27,902,263,451,332,Positive,0.6110367,Around,M,
102683,1:08:27,759,125,564,355,Negative,0.6770558,Around,M,
102684,1:08:27,684,240,363,441,Positive,0.980411,Around,M,
102685,1:08:27,660,204,468,418,Positive,0.9780894,Around,M,
102686,1:08:27,645,171,357,348,Positive,0.9991492,Around,M,
102687,1:08:27,649,41,440,381,Positive,0.9999962,Around,M,
102688,1:08:27,632,105,318,259,Positive,0.999777,Around,M,
102689,1:08:27,629,145,230,332,Positive,0.9996797,Around,M,
102690,1:08:27,733,136,207,142,Negative,0.6055636,Around,M,
103102,1:08:44,918,132,129,90,Positive,0.8383825,Around,M,
103109,1:08:44,881,170,146,149,Negative,0.7560011,Around,M,
103110,1:08:44,646,187,272,419,Positive,0.9986834,Around,M,
103111,1:08:44,651,176,270,477,Positive,0.9646176,Around,M,
103112,1:08:44,706,189,358,507,Positive,0.9294496,Around,M,
103113,1:08:44,774,217,492,495,Negative,0.67169666,Around,M,
103114,1:08:44,881,340,380,399,Negative,0.5262626,Around,M,
106941,1:11:17,964,409,311,282,Positive,0.8569351,Around,F,
106942,1:11:17,740,298,388,412,Positive,0.5188336,Around,F,
106943,1:11:17,763,155,404,488,Positive,0.98252827,Around,F,
106944,1:11:17,867,151,330,381,Positive,0.99997795,Around,F,
106945,1:11:17,870,128,329,160,Positive,0.73739713,Around,F,
106946,1:11:17,768,123,378,196,Positive,0.8985677,Around,F,
106947,1:11:17,761,155,346,161,Positive,0.9999825,Around,F,
107267,1:11:30,757,267,233,132,Positive,0.97657806,Enter,F,
107270,1:11:30,764,227,242,157,Positive,0.81835127,Enter,F,
107271,1:11:30,761,220,238,153,Positive,0.99970007,Enter,F,
107273,1:11:30,767,213,232,201,Positive,0.90984875,Enter,F,
107274,1:11:30,775,209,226,202,Positive,0.83011776,Enter,F,
107277,1:11:31,840,197,223,142,Negative,0.51733595,Enter,F,
107279,1:11:31,906,195,88,114,Negative,0.9394908,Enter,F,
109286,1:12:51,847,187,159,182,Positive,0.9596433,Exit,F,
109287,1:12:51,842,120,346,296,Positive,0.99997246,Exit,F,
109288,1:12:51,664,265,440,399,Negative,0.84384453,Exit,F,
109317,1:12:52,637,537,183,432,Negative,0.698226,Around,M,19 Frame difference
109318,1:12:52,757,463,257,278,Negative,0.90658945,Around,M,Feed from outside
109320,1:12:52,847,423,297,433,Positive,0.7501292,Around,M,
109321,1:12:52,766,313,292,428,Positive,0.8949071,Around,M,
109322,1:12:52,922,264,306,236,Positive,0.94402635,Around,M,
109323,1:12:52,852,296,275,261,Positive,0.89158267,Around,M,
109324,1:12:52,822,238,316,257,Positive,0.9314314,Around,M,
109325,1:12:53,680,131,417,573,Positive,0.99995863,Around,M,
109326,1:12:53,658,94,415,566,Positive,0.9999863,Around,M,
109327,1:12:53,682,131,376,315,Positive,0.99995923,Around,M,
109328,1:12:53,637,99,384,420,Positive,0.9994892,Around,M,
109329,1:12:53,665,133,339,195,Positive,0.9649363,Around,M,
109329,1:12:53,939,185,99,94,Negative,0.90194404,Around,M,
109330,1:12:53,743,110,253,234,Positive,0.564665,Around,M,
109341,1:12:53,919,121,121,83,Positive,0.989035,Around,M,
109342,1:12:53,908,147,104,112,Negative,0.7061363,Around,M,
109454,1:12:58,648,111,492,340,Positive,0.9998023,Around,M,
109455,1:12:58,662,140,509,343,Positive,0.90405655,Around,M,
109456,1:12:58,726,144,408,297,Positive,0.9629438,Around,M,
109457,1:12:58,741,157,377,324,Positive,0.9947771,Around,M,
109458,1:12:58,867,161,311,241,Positive,0.996732,Around,M,
109459,1:12:58,932,170,287,165,Positive,0.99432087,Around,M,
109460,1:12:58,795,347,203,309,Negative,0.53319293,Around,M,
109462,1:12:58,970,179,193,102,Negative,0.80910224,Around,M,
109462,1:12:58,725,140,154,146,Positive,0.7688198,Around,M,
109464,1:12:58,780,39,332,199,Negative,0.72080266,Around,M,
109888,1:13:15,732,281,229,212,Negative,0.5462966,Around,M,
109889,1:13:15,735,181,321,219,Positive,0.8565209,Around,M,
109890,1:13:15,736,325,168,191,Positive,0.6221951,Around,M,
109891,1:13:15,748,322,159,178,Positive,0.78502226,Around,M,
109907,1:13:16,883,79,95,135,Positive,0.97023475,Around,M,
109908,1:13:16,911,83,113,116,Positive,0.911696,Around,M,
109909,1:13:16,774,210,130,74,Negative,0.9999777,Around,M,
109909,1:13:16,907,97,262,149,Positive,0.99921465,Around,M,
109910,1:13:16,682,71,452,424,Positive,0.9999994,Around,M,
109911,1:13:16,761,0,581,410,Positive,0.99596727,Around,M,
109912,1:13:16,790,69,399,445,Positive,0.51319236,Around,M,
109913,1:13:16,1004,193,418,276,Positive,0.99624544,Around,M,
109913,1:13:16,828,141,303,94,Negative,0.8417456,Around,M,
109914,1:13:16,904,215,505,376,Negative,0.88406724,Around,M,
114444,1:16:17,400,507,213,369,Negative,0.5614116,Around,F,Feed from outside
114445,1:16:17,395,353,367,358,Positive,0.8197036,Around,F,
114446,1:16:17,419,333,324,486,Positive,0.83430797,Around,F,
114447,1:16:17,561,234,444,358,Positive,0.8449639,Around,F,
114448,1:16:17,634,248,383,254,Positive,0.92417204,Around,F,
114449,1:16:17,652,195,416,519,Positive,0.73697513,Around,F,
114450,1:16:18,607,119,408,578,Positive,0.999998,Around,F,
114451,1:16:18,745,123,401,247,Positive,0.91570884,Around,F,
114452,1:16:18,793,111,384,369,Positive,0.99984086,Around,F,
114453,1:16:18,798,117,249,238,Positive,0.9894713,Around,F,
114810,1:16:32,758,169,357,285,Positive,0.96319467,Around,F,
114812,1:16:32,739,33,628,445,Positive,0.7531777,Around,F,
114813,1:16:32,742,133,581,506,Positive,0.6800513,Around,F,
114814,1:16:32,774,286,434,506,Positive,0.8600195,Around,F,
117375,1:18:15,511,433,287,260,Negative,0.75873274,Around,F,Feed from outside
117376,1:18:15,618,401,289,291,Negative,0.63697714,Around,F,
117377,1:18:15,667,267,421,377,Negative,0.5286672,Around,F,
117378,1:18:15,635,142,543,479,Positive,0.996974,Around,F,
117380,1:18:15,656,13,453,455,Positive,0.99999547,Around,F,
117381,1:18:15,761,123,334,197,Negative,0.8183816,Around,F,
117382,1:18:15,718,139,361,266,Negative,0.70747423,Around,F,
117760,1:18:30,922,148,145,90,Positive,0.966422,Around,F,
117761,1:18:30,727,155,341,323,Positive,0.9955735,Around,F,
117762,1:18:30,721,164,318,400,Positive,0.9999441,Around,F,
117763,1:18:30,744,167,542,460,Positive,0.63154125,Around,F,
117764,1:18:30,750,189,472,530,Negative,0.6646432,Around,F,
118446,1:18:57,469,543,177,564,Negative,0.517679,NULL,,
118466,1:18:58,1098,447,273,182,Positive,0.90791076,Around,M,Feed from outside
118467,1:18:58,1042,408,312,238,Negative,0.76383877,Around,M,
118468,1:18:58,881,336,364,282,Positive,0.73911774,Around,M,
118470,1:18:58,712,241,353,348,Positive,0.99934024,Around,M,
118471,1:18:58,681,191,332,413,Positive,0.9542088,Around,M,
118472,1:18:58,693,83,372,325,Positive,0.99972075,Around,M,
118473,1:18:58,683,110,340,327,Positive,0.9996581,Around,M,
118474,1:18:58,590,12,450,401,Positive,0.9999645,Around,M,
118475,1:18:59,601,89,371,368,Positive,0.9895175,Around,M,
118476,1:18:59,650,50,454,333,Positive,0.9851879,Around,M,
118477,1:18:59,903,93,106,95,Positive,0.5156498,Around,M,
118478,1:18:59,924,83,337,198,Negative,0.531577,Around,M,
118479,1:18:59,897,93,324,339,Positive,0.9773323,Around,M,
118482,1:18:59,904,105,198,206,Positive,0.8715807,Around,M,
118486,1:18:59,865,361,149,196,Positive,0.91406614,Around,M,
118493,1:18:59,880,330,105,92,Positive,0.5889088,Around,M,
118539,1:19:01,740,253,283,325,Positive,0.8825869,Around,M,
118540,1:19:01,655,211,377,557,Positive,0.75510174,Around,M,
118541,1:19:01,674,169,438,494,Positive,0.99218154,Around,M,
118542,1:19:01,731,205,469,366,Positive,0.92744774,Around,M,
118543,1:19:01,751,182,426,388,Positive,0.9992405,Around,M,
118544,1:19:01,850,172,437,208,Positive,0.8500292,Around,M,
118545,1:19:01,842,225,394,254,Positive,0.99602723,Around,M,
118546,1:19:01,849,292,146,115,Positive,0.6143303,Around,M,
118549,1:19:01,980,160,161,137,Positive,0.99953616,Around,M,
118550,1:19:02,775,143,202,387,Positive,0.96945447,Around,M,
118551,1:19:02,888,151,351,163,Positive,0.9917951,Around,M,
118552,1:19:02,711,130,388,316,Positive,0.9765237,Around,M,
118553,1:19:02,709,155,363,377,Positive,0.8916053,Around,M,
118580,1:19:03,685,118,378,349,Positive,0.7937657,Around,M,
118581,1:19:03,678,0,470,511,Positive,0.99964213,Around,M,
118582,1:19:03,815,92,359,302,Positive,0.99986446,Around,M,
118582,1:19:03,692,112,325,204,Positive,0.81405634,Around,M,
118583,1:19:03,713,87,258,315,Positive,1,Around,M,
118584,1:19:03,688,115,326,332,Positive,0.9999709,Around,M,
118585,1:19:03,760,124,343,322,Positive,0.9824582,Around,M,
118586,1:19:03,695,135,281,298,Positive,0.9389736,Around,M,
118587,1:19:03,670,298,253,263,Positive,0.99865997,Around,M,
118587,1:19:03,690,25,176,192,Negative,0.6529882,Around,M,
118588,1:19:03,640,29,526,522,Positive,1,Around,M,
118589,1:19:03,654,207,411,562,Positive,0.98246336,Around,M,
118590,1:19:03,710,124,566,340,Positive,0.97250485,Around,M,
118591,1:19:03,770,170,531,374,Positive,0.9123022,Around,M,
118592,1:19:03,925,530,190,293,Positive,0.8068599,Around,M,
118680,1:19:07,766,509,211,514,Positive,0.6149316,Around,M,
118681,1:19:07,793,385,321,330,Positive,0.8893435,Around,M,
118682,1:19:07,800,346,357,254,Positive,0.97792405,Around,M,
118683,1:19:07,788,265,362,259,Positive,0.9037152,Around,M,
118684,1:19:07,721,187,406,306,Positive,0.7024679,Around,M,
118685,1:19:07,660,5,478,492,Positive,0.9997818,Around,M,
118686,1:19:07,710,108,350,290,Positive,0.99999297,Around,M,
118687,1:19:07,730,112,311,282,Positive,0.999877,Around,M,
118688,1:19:07,688,293,105,110,Negative,0.6423777,Around,M,
118688,1:19:07,870,13,287,170,Negative,0.60452235,Around,M,
118690,1:19:07,371,0,664,739,Positive,0.9972408,Around,M,
118691,1:19:07,903,106,614,377,Positive,0.99820065,Around,M,
118691,1:19:07,729,147,199,97,Negative,0.9421405,Around,M,
118699,1:19:07,810,339,142,137,Positive,0.9670884,Around,M,
118700,1:19:08,654,201,320,468,Negative,0.5322652,Around,M,
118704,1:19:08,943,303,107,149,Positive,0.69974834,Around,M,
118705,1:19:08,860,363,131,140,Negative,0.9350046,Around,M,
118801,1:19:12,707,164,383,459,Positive,0.9358047,Enter,M,
118802,1:19:12,712,209,319,453,Positive,0.8436473,Enter,M,
118803,1:19:12,729,127,519,359,Positive,0.842417,Enter,M,
118804,1:19:12,757,145,413,314,Positive,0.99505335,Enter,M,
118805,1:19:12,765,383,321,368,Positive,0.70638543,Enter,M,
118805,1:19:12,861,123,156,201,Positive,0.97423583,Enter,M,
118806,1:19:12,959,409,155,192,Negative,0.71497774,Enter,M,
118806,1:19:12,939,167,126,125,Negative,0.9498524,Enter,M,
119055,1:19:22,877,118,113,116,Positive,0.5370735,Exit,M,
119056,1:19:22,897,117,158,137,Positive,0.9968258,Exit,M,
119057,1:19:22,724,56,438,215,Positive,0.99856395,Exit,M,
119057,1:19:22,912,60,429,273,Positive,0.9976528,Exit,M,
119058,1:19:22,930,114,231,317,Positive,0.65592533,Exit,M,
119059,1:19:22,967,535,163,172,Positive,0.5992898,Exit,M,
119059,1:19:22,936,133,295,344,Positive,0.6071249,Exit,M,
121494,1:20:59,1109,0,238,162,Negative,0.91005117,Around,F,Feed from outside
121495,1:20:59,1048,34,377,232,Negative,0.9087785,Around,F,
121496,1:20:59,970,132,428,211,Negative,0.6141434,Around,F,
121497,1:20:59,916,183,410,199,Positive,0.9991709,Around,F,
121498,1:20:59,821,187,402,262,Positive,0.99990034,Around,F,
121499,1:20:59,659,126,440,515,Positive,0.9766832,Around,F,
121500,1:21:00,660,118,403,616,Positive,0.9997385,Around,F,
121501,1:21:00,777,114,389,263,Positive,0.9965281,Around,F,
121502,1:21:00,786,163,333,182,Positive,0.96931744,Around,F,
121743,1:21:09,780,332,160,134,Positive,0.9000329,Around,F,
121747,1:21:09,788,354,93,115,Negative,0.8322569,Around,F,
121748,1:21:09,805,209,278,130,Positive,0.7951863,Around,F,
121765,1:21:10,817,128,211,292,Negative,0.8141437,Around,F,
121766,1:21:10,752,130,373,432,Positive,0.9990132,Around,F,
121767,1:21:10,804,57,456,462,Negative,0.7046537,Around,F,
121768,1:21:10,815,204,266,465,Positive,0.84338284,Around,F,
125532,1:23:41,237,43,643,855,Positive,0.81701255,NULL,,Starling
125938,1:23:57,613,573,147,423,Negative,0.8507063,NULL,,Camera Shake
125938,1:23:57,780,0,236,395,Negative,0.87898,NULL,,
125939,1:23:57,608,320,400,458,Negative,0.8990856,NULL,,
125939,1:23:57,672,5,222,320,Negative,0.8398245,NULL,,
125940,1:23:57,613,562,158,456,Negative,0.9471931,NULL,,
125940,1:23:57,671,20,223,50,Negative,1,NULL,,
125940,1:23:57,873,135,75,137,Positive,0.6948386,NULL,,
125983,1:23:59,871,479,238,177,Negative,0.9999999,NULL,,
125983,1:23:59,587,123,597,338,Negative,0.8879055,NULL,,
125984,1:23:59,590,4,716,470,Negative,0.7312334,NULL,,
125985,1:23:59,695,14,197,534,Negative,0.88657165,NULL,,
125991,1:23:59,651,0,720,604,Negative,0.61167836,NULL,,
125995,1:23:59,725,0,291,540,Negative,0.8975321,NULL,,
128501,1:25:40,967,266,448,313,Positive,0.8221851,Around,M,Feed from outside
128502,1:25:40,786,232,462,363,Positive,0.6754481,Around,M,
128503,1:25:40,656,133,557,530,Positive,0.7302702,Around,M,
128504,1:25:40,674,51,576,600,Positive,0.9607532,Around,M,
128505,1:25:40,674,123,378,345,Positive,0.99005616,Around,M,
128506,1:25:40,634,73,374,402,Positive,0.99999607,Around,M,
128507,1:25:40,632,120,335,261,Positive,0.9641049,Around,M,
128693,1:25:47,729,168,326,243,Positive,0.9891192,Around,M,
128694,1:25:47,656,181,443,544,Positive,0.582092,Around,M,
128694,1:25:47,672,243,275,185,Negative,0.8052263,Around,M,
128695,1:25:47,665,185,448,587,Positive,0.99018294,Around,M,
128696,1:25:47,672,131,444,560,Positive,0.9644232,Around,M,
128697,1:25:47,722,48,504,428,Positive,0.9999982,Around,M,
128699,1:25:47,791,114,333,349,Positive,0.999997,Around,M,
128700,1:25:48,1036,192,169,151,Negative,0.99815196,Around,M,
128700,1:25:48,740,111,142,213,Negative,0.9334866,Around,M,
128727,1:25:49,711,373,127,174,Positive,0.6571116,Around,M,
128728,1:25:49,704,286,207,153,Positive,0.8973872,Around,M,
128895,1:25:55,935,138,105,110,Positive,0.99947816,Around,M,
128902,1:25:56,945,185,116,101,Positive,0.8988961,Around,M,
128903,1:25:56,802,148,252,244,Positive,0.95263,Around,M,
128910,1:25:56,912,205,96,152,Negative,0.90692186,Around,M,
128913,1:25:56,707,354,136,122,Negative,0.9997553,Around,M,
128913,1:25:56,877,215,176,226,Negative,0.66025525,Around,M,
128914,1:25:56,721,233,269,415,Positive,0.99330586,Around,M,
128915,1:25:56,733,246,248,443,Negative,0.632059,Around,M,
128917,1:25:56,793,160,560,487,Positive,0.87820536,Around,M,
128917,1:25:56,1220,352,161,60,Positive,0.54392284,Around,M,
128918,1:25:56,901,323,392,379,Negative,0.91359687,Around,M,
130511,1:27:00,620,469,246,248,Positive,0.99840826,Around,F,
130512,1:27:00,584,331,363,536,Negative,0.52533984,Around,F,
130513,1:27:00,579,175,502,481,Positive,0.9217038,Around,F,
130514,1:27:00,673,195,385,204,Positive,0.9949226,Around,F,
130514,1:27:00,670,31,240,209,Positive,0.8233315,Around,F,
130516,1:27:00,673,0,217,137,Negative,0.6152252,Around,F,
130560,1:27:02,329,0,174,398,Positive,0.70939666,Around,F,
130561,1:27:02,391,575,108,90,Negative,1,Around,F,
130561,1:27:02,422,0,241,361,Positive,0.97126883,Around,F,
130562,1:27:02,537,25,425,297,Positive,0.8483933,Around,F,
130564,1:27:02,644,100,508,371,Positive,0.99987996,Around,F,
130565,1:27:02,668,87,351,477,Positive,0.99972886,Around,F,
130566,1:27:02,780,84,496,325,Positive,0.99996555,Around,F,
130567,1:27:02,774,285,270,166,Positive,0.9118767,Around,F,
130568,1:27:02,695,143,358,451,Positive,0.9999629,Around,F,
130570,1:27:02,946,112,130,138,Positive,0.9790323,Around,F,
130592,1:27:03,655,173,362,431,Positive,0.9209454,Around,F,
130594,1:27:03,666,170,331,362,Positive,0.7942708,Around,F,
130596,1:27:03,706,173,336,382,Positive,0.83466095,Around,F,
130597,1:27:03,724,200,363,410,Positive,0.98047227,Around,F,
130599,1:27:03,1049,242,136,118,Negative,0.99998796,Around,F,
130599,1:27:03,813,133,197,191,Positive,0.7928789,Around,F,
130867,1:27:14,819,273,238,165,Positive,0.66502017,Enter,F,
130868,1:27:14,752,310,197,220,Positive,0.96033514,Enter,F,
130869,1:27:14,753,160,332,226,Positive,0.99065816,Enter,F,
130870,1:27:14,761,291,180,213,Negative,0.8117184,Enter,F,
130871,1:27:14,756,235,249,223,Positive,0.91437143,Enter,F,
130873,1:27:14,782,206,243,194,Positive,0.95573896,Enter,F,
130874,1:27:14,807,192,261,169,Positive,0.548541,Enter,F,
130879,1:27:15,864,208,131,156,Negative,0.763036,Enter,F,
130880,1:27:15,898,197,90,118,Negative,0.8592648,Enter,F,
132610,1:28:24,622,571,149,451,Negative,0.6927647,NULL,,
132717,1:28:28,156,472,248,315,Positive,0.519439,Around,M,Feed from outside
132718,1:28:28,164,428,292,448,Positive,0.5917661,Around,M,
132721,1:28:28,615,270,417,244,Positive,0.99985623,Around,M,
132721,1:28:28,526,345,305,132,Negative,0.82932425,Around,M,
132722,1:28:28,495,200,428,554,Positive,0.9134907,Around,M,
132723,1:28:28,576,93,483,488,Positive,0.9996338,Around,M,
132724,1:28:28,658,91,427,304,Positive,0.99999034,Around,M,
132725,1:28:29,671,391,111,92,Negative,0.9939839,Around,M,
132725,1:28:29,800,108,230,349,Positive,0.9647227,Around,M,
132725,1:28:29,715,129,194,400,Positive,0.90578145,Around,M,
132726,1:28:29,704,105,369,293,Positive,0.9921698,Around,M,
132728,1:28:29,677,72,236,313,Negative,0.7361158,Around,M,
132729,1:28:29,672,121,325,371,Positive,0.89252967,Around,M,
132730,1:28:29,671,118,422,516,Positive,0.9858732,Around,M,
132731,1:28:29,882,167,281,302,Positive,0.9908913,Around,M,
132732,1:28:29,791,0,337,234,Positive,0.7374219,Around,M,
132737,1:28:29,865,323,171,87,Negative,0.9168983,Around,M,
132786,1:28:31,387,141,579,690,Positive,0.9505369,Around,M,
132834,1:28:33,910,79,167,135,Positive,0.9831535,Around,MF,Female Flies out
132835,1:28:33,768,89,431,312,Positive,0.9999962,Around,MF,
132836,1:28:33,751,66,441,409,Positive,0.97570735,Around,MF,
132837,1:28:33,656,2,601,618,Positive,0.9954287,Around,MF,
132838,1:28:33,658,126,497,512,Positive,0.73468775,Around,MF,
132839,1:28:33,640,95,625,640,Positive,0.97803587,Around,MF,
132840,1:28:33,1064,527,193,216,Negative,0.9985103,Around,MF,
132840,1:28:33,629,98,357,339,Positive,0.99717534,Around,MF,
132841,1:28:33,713,212,292,247,Positive,0.9916809,Around,MF,
132842,1:28:33,791,197,200,184,Positive,0.7541888,Around,M,
132843,1:28:33,676,72,496,242,Positive,0.9977718,Around,M,
132844,1:28:33,659,335,273,191,Negative,0.71734375,Around,M,
132844,1:28:33,736,0,227,305,Positive,0.95591706,Around,M,
132845,1:28:33,638,389,251,280,Positive,0.9328473,Around,M,
132845,1:28:33,829,46,252,261,Positive,0.91955495,Around,M,
132846,1:28:33,691,173,502,444,Positive,0.99807054,Around,M,
132847,1:28:33,823,609,92,130,Positive,0.66067773,Around,M,
132847,1:28:33,905,262,240,277,Positive,0.9976941,Around,M,
132848,1:28:33,804,273,444,449,Positive,0.9099429,Around,M,
132849,1:28:33,1094,354,366,186,Positive,0.66765875,Around,M,
132850,1:28:34,1137,346,357,143,Positive,0.84221625,Around,M,
132851,1:28:34,1122,326,352,158,Positive,0.9657696,Around,M,
132852,1:28:34,1151,301,372,129,Negative,0.7086262,Around,M,
132853,1:28:34,1131,212,192,131,Positive,0.63856167,Around,M,
132854,1:28:34,1096,220,374,184,Positive,0.7587069,Around,M,
132855,1:28:34,1044,443,111,145,Negative,0.9932642,Around,M,
132855,1:28:34,1032,179,181,197,Positive,0.923681,Around,M,
132856,1:28:34,980,426,110,120,Negative,0.98272425,Around,M,
132856,1:28:34,1011,176,151,182,Negative,0.93368024,Around,M,
132857,1:28:34,990,182,114,92,Negative,0.94312197,Around,M,
132861,1:28:34,650,264,205,196,Positive,0.5314803,Around,M,
133043,1:28:41,930,131,154,112,Positive,0.99992156,Around,M,
133057,1:28:42,678,186,238,376,Positive,0.9082271,Around,M,
133058,1:28:42,776,196,196,296,Positive,0.96802765,Around,M,
133059,1:28:42,674,288,180,110,Negative,0.9986681,Around,M,
133059,1:28:42,861,205,200,225,Negative,0.815124,Around,M,
133061,1:28:42,704,213,276,470,Positive,0.5284641,Around,M,
133063,1:28:42,758,264,456,522,Positive,0.5709702,Around,M,
133914,1:29:16,113,435,285,689,Negative,0.82303435,NULL,,Starling
136171,1:30:46,0,415,288,442,Negative,0.7102718,Around,F,Feed from outside
136173,1:30:46,530,280,403,293,Positive,0.95138013,Around,F,
136174,1:30:46,576,203,476,406,Positive,0.95186293,Around,F,
136175,1:30:47,630,60,561,436,Positive,0.99909425,Around,F,
136176,1:30:47,650,120,473,296,Positive,0.5424206,Around,F,
136177,1:30:47,679,121,405,350,Positive,0.99948764,Around,F,
136178,1:30:47,736,150,370,438,Positive,0.99800533,Around,F,
136179,1:30:47,749,189,186,113,Negative,0.9992926,Around,F,
136179,1:30:47,902,241,216,216,Positive,0.99904567,Around,F,
136180,1:30:47,957,201,237,133,Positive,0.7055901,Around,F,
136228,1:30:49,729,154,399,346,Positive,0.97361064,Around,F,
136229,1:30:49,745,206,404,377,Positive,0.9837531,Around,F,
136230,1:30:49,694,149,467,439,Positive,0.9822222,Around,F,
136231,1:30:49,681,159,447,437,Positive,0.99875605,Around,F,
136232,1:30:49,774,255,449,284,Positive,0.67954844,Around,F,
136233,1:30:49,780,280,427,283,Positive,0.8662878,Around,F,
136234,1:30:49,752,545,115,222,Positive,0.8829752,Around,F,
136237,1:30:49,697,204,319,485,Positive,0.999913,Around,F,
136240,1:30:49,762,132,171,212,Negative,0.8370355,Around,F,
136318,1:30:52,777,160,358,268,Positive,0.9971437,Around,F,
136319,1:30:52,781,193,317,299,Positive,0.67940557,Around,F,
136320,1:30:52,687,91,625,439,Positive,0.9257722,Around,F,
136321,1:30:52,722,190,406,495,Positive,0.9522033,Around,F,
136322,1:30:52,771,266,442,375,Positive,0.96176493,Around,F,
136322,1:30:52,1002,452,268,278,Negative,0.9119254,Around,F,
136323,1:30:52,1041,605,115,239,Negative,0.76721126,Around,F,
136989,1:31:19,799,182,538,481,Positive,0.5248686,Fly,,Starling
136989,1:31:19,779,270,285,269,Negative,0.54643023,Fly,,
136990,1:31:19,236,124,596,906,Positive,0.92017806,Fly,,
138258,1:32:10,0,584,136,145,Negative,0.7873262,Around,F,Feed from outside
138259,1:32:10,13,573,147,265,Positive,0.7486952,Around,F,
138260,1:32:10,138,545,175,285,Negative,0.8343111,Around,F,
138262,1:32:10,414,303,417,404,Positive,0.9534572,Around,F,
138264,1:32:10,634,254,402,236,Positive,0.6365511,Around,F,
138265,1:32:10,649,185,507,287,Positive,0.5922611,Around,F,
138266,1:32:10,741,145,437,352,Positive,0.99929583,Around,F,
138267,1:32:10,661,138,453,462,Positive,0.999871,Around,F,
138268,1:32:10,750,133,395,324,Positive,0.99531895,Around,F,
138269,1:32:10,938,129,197,89,Negative,0.7630587,Around,F,
138270,1:32:10,843,185,362,304,Positive,0.99702555,Around,F,
138276,1:32:11,946,454,147,128,Positive,0.65004146,Around,F,
138376,1:32:15,791,429,91,159,Positive,0.5331304,Around,F,
138377,1:32:15,768,371,144,181,Positive,0.5920304,Around,F,
138380,1:32:15,680,157,337,421,Positive,0.99379563,Around,F,
138381,1:32:15,693,178,314,399,Positive,0.9730728,Around,F,
138382,1:32:15,811,394,133,178,Positive,0.6591267,Around,F,
138382,1:32:15,683,71,214,297,Positive,0.90580016,Around,F,
138383,1:32:15,770,148,150,200,Positive,0.9999945,Around,F,
138384,1:32:15,959,245,214,110,Negative,0.9999354,Around,F,
138384,1:32:15,746,280,146,98,Positive,0.934726,Around,F,
138403,1:32:16,790,204,271,261,Positive,0.9985158,Around,F,
138405,1:32:16,665,160,465,511,Positive,0.9331648,Around,F,
138406,1:32:16,709,152,398,434,Positive,0.9853893,Around,F,
138407,1:32:16,647,339,212,382,Positive,0.9990061,Around,F,
138410,1:32:16,624,373,266,616,Positive,0.9877066,Around,F,
138410,1:32:16,698,42,145,167,Negative,0.7261683,Around,F,
138411,1:32:16,666,333,132,269,Positive,0.8372847,Around,F,
138412,1:32:16,657,342,145,77,Negative,0.8975901,Around,F,
138413,1:32:16,668,382,338,390,Negative,0.618566,Around,F,
138414,1:32:16,648,237,474,462,Positive,0.8745325,Around,F,
139691,1:33:07,27,442,278,312,Positive,0.99996054,Around,F,Feed from outside
139692,1:33:07,153,477,243,284,Positive,0.99894196,Around,F,
139693,1:33:07,253,489,231,299,Positive,0.86349815,Around,F,
139694,1:33:07,352,514,205,285,Negative,0.8111933,Around,F,
139695,1:33:07,441,474,246,416,Positive,0.87232536,Around,F,
139696,1:33:07,590,270,450,338,Positive,0.998495,Around,F,
139697,1:33:07,665,251,435,312,Positive,0.7332462,Around,F,
139698,1:33:07,661,134,538,324,Positive,0.6939986,Around,F,
139699,1:33:07,679,123,468,350,Positive,0.7964386,Around,F,
139700,1:33:08,756,171,379,285,Negative,0.57964474,Around,F,
139701,1:33:08,807,128,445,386,Negative,0.8686085,Around,F,
139702,1:33:08,675,103,361,496,Positive,0.99886984,Around,F,
139703,1:33:08,732,139,356,202,Positive,0.9559097,Around,F,
139704,1:33:08,711,349,148,180,Negative,0.9480061,Around,F,
139706,1:33:08,735,143,316,345,Positive,0.98537344,Around,F,
139709,1:33:08,958,249,224,192,Negative,0.9856397,Around,F,
139709,1:33:08,679,252,145,115,Negative,0.7650062,Around,F,
139763,1:33:10,746,162,356,253,Positive,0.91362226,Around,F,
139764,1:33:10,660,183,410,454,Positive,0.95526296,Around,F,
139765,1:33:10,661,175,430,510,Positive,0.99646217,Around,F,
139767,1:33:10,720,92,460,415,Positive,0.9999883,Around,F,
139770,1:33:10,1062,227,156,82,Negative,0.7814602,Around,F,
139778,1:33:11,948,91,115,96,Positive,0.80882025,Around,F,
139780,1:33:11,795,425,78,224,Negative,0.9350414,Around,F,
139834,1:33:13,706,105,461,416,Positive,0.9983669,Around,F,
139835,1:33:13,673,131,496,466,Positive,0.98407745,Around,F,
139836,1:33:13,651,132,559,543,Positive,0.9548657,Around,F,
139837,1:33:13,665,100,499,601,Positive,0.97037256,Around,F,
139838,1:33:13,714,186,502,535,Positive,0.9973484,Around,F,
139839,1:33:13,768,207,380,349,Positive,0.93861544,Around,F,
139840,1:33:13,790,323,397,346,Positive,0.88809466,Around,F,
141868,1:34:34,958,439,281,181,Positive,0.56098413,Around,F,
141869,1:34:34,912,368,341,323,Negative,0.5700561,Around,F,
141870,1:34:34,830,253,443,274,Positive,0.8676387,Around,F,
141870,1:34:34,847,405,176,253,Negative,0.85110736,Around,F,
141871,1:34:34,686,188,396,354,Positive,0.99211276,Around,F,
141872,1:34:34,751,128,401,260,Positive,0.999716,Around,F,
141873,1:34:34,683,110,370,302,Positive,0.9870914,Around,F,
141874,1:34:34,698,145,316,256,Positive,0.99889094,Around,F,
141885,1:34:35,732,133,394,321,Positive,0.99209154,Around,F,
141886,1:34:35,741,399,187,283,Positive,0.97382236,Around,F,
141890,1:34:35,911,422,167,134,Negative,0.8830006,Around,F,
142010,1:34:40,889,137,110,138,Positive,0.70820886,Enter,F,
142081,1:34:43,785,235,142,139,Negative,0.6504032,Enter,F,
142089,1:34:43,854,160,178,235,Negative,0.98497367,Enter,F,
142089,1:34:43,779,180,157,76,Positive,0.9264414,Enter,F,
142090,1:34:43,775,352,115,112,Negative,0.8852475,Enter,F,
142093,1:34:43,783,213,225,189,Positive,0.97437006,Enter,F,
142094,1:34:43,797,216,192,162,Positive,0.9846806,Enter,F,
142098,1:34:43,848,166,172,171,Negative,0.5473394,Enter,F,
142102,1:34:44,918,85,134,146,Negative,0.6866082,Enter,F,
142103,1:34:44,923,96,133,114,Positive,0.8062419,Enter,F,
143467,1:35:38,1003,347,373,277,Positive,0.9342488,Around,M,
143468,1:35:38,759,303,411,451,Negative,0.8785958,Around,M,
143470,1:35:38,764,159,533,493,Positive,0.891211,Around,M,
143471,1:35:38,742,147,449,326,Positive,0.9999846,Around,M,
143472,1:35:38,667,91,421,387,Positive,0.9999982,Around,M,
143474,1:35:38,644,99,330,332,Positive,0.9945852,Around,M,
143475,1:35:39,705,115,264,289,Positive,0.95432246,Around,M,
143478,1:35:39,759,161,179,79,Positive,0.770584,Around,M,
143824,1:35:52,944,162,120,111,Positive,0.6273277,Around,MF,Female Flies out
143825,1:35:53,762,177,198,290,Positive,0.98354924,Around,MF,
143826,1:35:53,751,177,204,326,Positive,0.99981207,Around,MF,
143827,1:35:53,910,247,288,260,Positive,0.99663144,Around,MF,
143827,1:35:53,748,184,187,170,Negative,0.56566495,Around,MF,
143828,1:35:53,756,287,433,388,Positive,0.9954396,Around,MF,
143829,1:35:53,933,387,333,269,Positive,0.57934815,Around,MF,
143854,1:35:54,662,321,121,89,Negative,0.9466908,Around,M,Feed from outside
143855,1:35:54,665,241,232,185,Positive,0.99855703,Around,M,
143857,1:35:54,674,271,182,246,Positive,0.7890153,Around,M,
144092,1:36:03,966,184,135,75,Positive,0.61308986,Around,M,
144093,1:36:03,674,177,291,394,Positive,0.9071521,Around,M,
144094,1:36:03,675,177,285,427,Positive,0.99609643,Around,M,
144095,1:36:03,689,200,244,483,Positive,0.61332285,Around,M,
144096,1:36:03,725,224,252,527,Negative,0.7653404,Around,M,
144097,1:36:03,806,175,440,474,Positive,0.90220004,Around,M,
144098,1:36:03,947,375,345,333,Positive,0.7852556,Around,M,
151215,1:40:48,222,554,166,316,Positive,0.6667328,Around,F,
151216,1:40:48,407,467,253,364,Positive,0.8562542,Around,F,
151218,1:40:48,534,161,501,442,Positive,0.89980745,Around,F,
151219,1:40:48,646,127,498,338,Positive,0.89606714,Around,F,
151220,1:40:48,667,146,552,335,Positive,0.9675784,Around,F,
151221,1:40:48,763,160,408,305,Positive,0.98937595,Around,F,
151222,1:40:48,799,139,414,391,Positive,0.9795359,Around,F,
151223,1:40:48,770,115,453,375,Positive,0.99881893,Around,F,
151224,1:40:48,809,122,388,191,Positive,0.997726,Around,F,
151225,1:40:49,839,275,158,119,Negative,0.93272287,Around,F,
151298,1:40:51,800,406,113,190,Negative,0.92994606,Around,F,
151433,1:40:57,806,372,132,160,Negative,0.8751761,Enter,F,
151434,1:40:57,806,390,102,151,Negative,0.93892187,Enter,F,
151435,1:40:57,797,357,124,154,Negative,0.89399916,Enter,F,
151436,1:40:57,769,303,161,175,Positive,0.94873774,Enter,F,
151442,1:40:57,834,275,187,136,Negative,0.8723983,Enter,F,
151443,1:40:57,816,163,302,192,Positive,0.953334,Enter,F,
151454,1:40:58,900,99,120,95,Negative,0.6708427,Enter,F,
154237,1:42:49,765,549,171,248,Negative,0.74118555,Fly,M,
154238,1:42:49,686,298,422,452,Positive,0.9999893,Fly,M,
154239,1:42:49,756,533,183,387,Positive,0.9433305,Fly,M,
154239,1:42:49,950,653,67,138,Positive,0.9417908,Fly,M,
154240,1:42:49,806,531,189,393,Positive,0.8820844,Fly,M,
154329,1:42:53,903,133,141,150,Negative,0.80520934,Exit,F,
154330,1:42:53,876,186,159,192,Positive,0.9999436,Exit,F,
154331,1:42:53,845,163,302,237,Positive,0.9900136,Exit,F,
154332,1:42:53,672,139,553,565,Negative,0.7284471,Exit,F,
154504,1:43:00,690,395,325,172,Positive,0.95750463,Around,M,Feed from outside
154505,1:43:00,600,351,313,373,Negative,0.64289683,Around,M,
154506,1:43:00,608,232,440,403,Positive,0.60996044,Around,M,
154507,1:43:00,655,171,319,331,Positive,0.55435634,Around,M,
154508,1:43:00,711,191,243,224,Positive,0.986458,Around,M,
154509,1:43:00,665,152,286,490,Positive,0.9929334,Around,M,
154509,1:43:00,667,213,217,263,Positive,0.62852615,Around,M,
154510,1:43:00,701,57,344,418,Positive,0.9993318,Around,M,
154511,1:43:00,860,137,295,143,Positive,0.9935643,Around,M,
154514,1:43:00,798,272,135,153,Negative,0.7930955,Around,M,
154515,1:43:00,781,284,132,74,Positive,0.6440251,Around,M,
154517,1:43:00,750,269,196,86,Positive,0.87584317,Around,M,
154517,1:43:00,915,86,198,106,Positive,0.9999368,Around,M,
154563,1:43:02,805,82,290,209,Positive,0.9964947,Around,M,
154674,1:43:06,841,157,237,225,Positive,0.96508193,Around,M,
154675,1:43:07,968,120,102,100,Positive,0.986199,Around,M,
154691,1:43:07,947,84,121,106,Positive,0.5442479,Around,M,
154763,1:43:10,940,117,107,97,Positive,0.9998858,Around,M,
154784,1:43:11,712,254,192,198,Positive,0.99698704,Around,M,
154785,1:43:11,701,233,208,242,Positive,0.98699516,Around,M,
154785,1:43:11,933,121,91,175,Positive,0.50221187,Around,M,
154787,1:43:11,754,0,411,526,Negative,0.87235975,Around,M,
154788,1:43:11,852,8,347,428,Negative,0.8454459,Around,M,
