"","Frame","Clock","x","y","h","w","label","score","FileName","diff","Event"
"1",369,"0:00:14",726,0,172,190,"Positive",0.6477538,"VO0068_VP11_F3_20150525",0,1
"2",371,"0:00:14",614,31,204,255,"Positive",0.7500016,"VO0068_VP11_F3_20150525",2,1
"3",372,"0:00:14",556,29,240,148,"Positive",0.7298425,"VO0068_VP11_F3_20150525",1,1
"4",373,"0:00:14",549,58,206,86,"Positive",0.5028643,"VO0068_VP11_F3_20150525",1,1
"5",375,"0:00:15",489,44,131,162,"Positive",0.51986355,"VO0068_VP11_F3_20150525",2,1
"6",376,"0:00:15",464,63,119,106,"Positive",0.99990165,"VO0068_VP11_F3_20150525",1,1
"7",423,"0:00:16",486,46,125,125,"Positive",0.99586594,"VO0068_VP11_F3_20150525",47,2
"8",424,"0:00:16",490,54,118,168,"Positive",0.9974777,"VO0068_VP11_F3_20150525",1,2
"9",425,"0:00:17",566,67,108,113,"Positive",0.7989216,"VO0068_VP11_F3_20150525",1,2
"10",453,"0:00:18",640,60,221,152,"Positive",0.99997234,"VO0068_VP11_F3_20150525",28,3
"11",455,"0:00:18",807,67,168,243,"Negative",0.9222482,"VO0068_VP11_F3_20150525",2,3
"12",456,"0:00:18",967,96,147,272,"Positive",0.9684077,"VO0068_VP11_F3_20150525",1,3
"13",1164,"0:00:46",140,638,82,189,"Negative",0.94229215,"VO0068_VP11_F3_20150525",708,4
"14",1165,"0:00:46",189,507,213,198,"Positive",0.998069,"VO0068_VP11_F3_20150525",1,4
"15",1166,"0:00:46",225,421,255,205,"Positive",0.7966556,"VO0068_VP11_F3_20150525",1,4
"16",1167,"0:00:46",273,373,212,183,"Positive",0.82994634,"VO0068_VP11_F3_20150525",1,4
"17",1168,"0:00:46",384,320,155,105,"Negative",0.8902436,"VO0068_VP11_F3_20150525",1,4
"18",1169,"0:00:46",346,287,175,203,"Positive",0.54610634,"VO0068_VP11_F3_20150525",1,4
"19",1170,"0:00:46",388,260,92,171,"Negative",0.91714,"VO0068_VP11_F3_20150525",1,4
"20",1171,"0:00:46",416,226,115,128,"Positive",0.6657211,"VO0068_VP11_F3_20150525",1,4
"21",3059,"0:02:02",0,549,171,145,"Positive",0.9461493,"VO0068_VP11_F3_20150525",1888,5
"22",3061,"0:02:02",214,409,182,158,"Positive",0.6408045,"VO0068_VP11_F3_20150525",2,5
"23",3062,"0:02:02",268,335,236,183,"Positive",0.72178864,"VO0068_VP11_F3_20150525",1,5
"24",3063,"0:02:02",328,318,218,145,"Positive",0.9986546,"VO0068_VP11_F3_20150525",1,5
"25",3064,"0:02:02",377,300,210,134,"Positive",0.6734475,"VO0068_VP11_F3_20150525",1,5
"26",3065,"0:02:02",418,291,212,122,"Positive",0.9887453,"VO0068_VP11_F3_20150525",1,5
"27",3066,"0:02:02",424,281,177,100,"Negative",0.5552737,"VO0068_VP11_F3_20150525",1,5
"28",3089,"0:02:03",488,143,345,162,"Positive",0.9007287,"VO0068_VP11_F3_20150525",23,6
"29",3091,"0:02:03",516,206,159,64,"Positive",0.8697855,"VO0068_VP11_F3_20150525",2,6
"30",3093,"0:02:03",515,331,178,172,"Negative",0.61296636,"VO0068_VP11_F3_20150525",2,6
"31",3095,"0:02:03",579,566,154,302,"Positive",0.61069286,"VO0068_VP11_F3_20150525",2,6
"32",3428,"0:02:17",340,319,238,252,"Positive",0.99181867,"VO0068_VP11_F3_20150525",333,7
"33",3430,"0:02:17",447,320,187,209,"Positive",0.5219836,"VO0068_VP11_F3_20150525",2,7
"34",3431,"0:02:17",475,474,83,152,"Positive",0.50837433,"VO0068_VP11_F3_20150525",1,7
"35",3432,"0:02:17",542,558,146,157,"Negative",0.7801486,"VO0068_VP11_F3_20150525",1,7
"36",5265,"0:03:30",882,232,157,199,"Negative",0.60098445,"VO0068_VP11_F3_20150525",1833,8
"37",5266,"0:03:30",642,230,170,186,"Positive",0.9689631,"VO0068_VP11_F3_20150525",1,8
"38",5269,"0:03:30",423,118,242,223,"Positive",0.9307367,"VO0068_VP11_F3_20150525",3,8
"39",5270,"0:03:30",379,217,180,169,"Positive",0.86834806,"VO0068_VP11_F3_20150525",1,8
"40",5271,"0:03:30",430,256,179,165,"Negative",0.8117822,"VO0068_VP11_F3_20150525",1,8
"41",5579,"0:03:43",908,75,212,283,"Positive",0.99330866,"VO0068_VP11_F3_20150525",308,9
"42",5580,"0:03:43",756,79,258,318,"Positive",0.9968329,"VO0068_VP11_F3_20150525",1,9
"43",5581,"0:03:43",673,68,307,325,"Negative",0.5081264,"VO0068_VP11_F3_20150525",1,9
"44",5582,"0:03:43",675,156,211,245,"Positive",0.9944825,"VO0068_VP11_F3_20150525",1,9
"45",5583,"0:03:43",606,188,185,213,"Positive",0.9763882,"VO0068_VP11_F3_20150525",1,9
"46",5585,"0:03:43",464,216,237,178,"Positive",0.6256883,"VO0068_VP11_F3_20150525",2,9
"47",5586,"0:03:43",484,271,188,125,"Positive",0.6752335,"VO0068_VP11_F3_20150525",1,9
"48",5587,"0:03:43",453,284,96,131,"Positive",0.63194865,"VO0068_VP11_F3_20150525",1,9
"49",5657,"0:03:46",357,208,153,305,"Negative",0.8080708,"VO0068_VP11_F3_20150525",70,10
"50",5661,"0:03:46",447,498,222,242,"Negative",0.85149384,"VO0068_VP11_F3_20150525",4,10
"51",5662,"0:03:46",558,501,180,177,"Negative",0.5647834,"VO0068_VP11_F3_20150525",1,10
"52",6143,"0:04:05",491,345,129,101,"Positive",0.705761,"VO0068_VP11_F3_20150525",481,NA
"53",6146,"0:04:05",591,555,165,185,"Positive",0.6302152,"VO0068_VP11_F3_20150525",3,NA
"54",7646,"0:05:05",249,168,115,148,"Positive",0.93825597,"VO0068_VP11_F3_20150525",1500,NA
"55",7877,"0:05:15",1192,536,184,88,"Negative",0.9271461,"VO0068_VP11_F3_20150525",231,11
"56",7878,"0:05:15",924,533,187,224,"Negative",0.6150054,"VO0068_VP11_F3_20150525",1,11
"57",7879,"0:05:15",752,442,259,308,"Positive",0.974899,"VO0068_VP11_F3_20150525",1,11
"58",7880,"0:05:15",658,418,187,233,"Negative",0.8015223,"VO0068_VP11_F3_20150525",1,11
"59",7881,"0:05:15",486,355,203,209,"Positive",0.99975675,"VO0068_VP11_F3_20150525",1,11
"60",7882,"0:05:15",420,226,259,217,"Negative",0.83901864,"VO0068_VP11_F3_20150525",1,11
"61",7883,"0:05:15",375,228,195,175,"Positive",0.9551649,"VO0068_VP11_F3_20150525",1,11
"62",7884,"0:05:15",373,257,141,167,"Positive",0.5421356,"VO0068_VP11_F3_20150525",1,11
"63",7885,"0:05:15",376,167,223,253,"Positive",0.98396933,"VO0068_VP11_F3_20150525",1,11
"64",7886,"0:05:15",366,247,169,179,"Negative",0.5771384,"VO0068_VP11_F3_20150525",1,11
"65",9508,"0:06:20",0,338,382,259,"Positive",0.9327822,"VO0068_VP11_F3_20150525",1622,NA
"66",11738,"0:07:49",0,345,246,100,"Positive",0.8805031,"VO0068_VP11_F3_20150525",2230,12
"67",11739,"0:07:49",0,334,210,216,"Positive",0.5889835,"VO0068_VP11_F3_20150525",1,12
"68",11741,"0:07:49",284,273,274,203,"Positive",0.8120787,"VO0068_VP11_F3_20150525",2,12
"69",11742,"0:07:49",343,267,217,135,"Positive",0.9899698,"VO0068_VP11_F3_20150525",1,12
"70",11743,"0:07:49",413,273,183,126,"Negative",0.5002194,"VO0068_VP11_F3_20150525",1,12
"71",12177,"0:08:07",466,124,339,177,"Negative",0.92932963,"VO0068_VP11_F3_20150525",434,13
"72",12179,"0:08:07",343,303,222,359,"Negative",0.9121555,"VO0068_VP11_F3_20150525",2,13
"73",12180,"0:08:07",501,283,209,81,"Negative",0.7527385,"VO0068_VP11_F3_20150525",1,13
"74",12182,"0:08:07",443,595,125,277,"Positive",0.67180115,"VO0068_VP11_F3_20150525",2,13
"75",12182,"0:08:07",390,597,123,187,"Positive",0.8538256,"VO0068_VP11_F3_20150525",0,13
"76",12183,"0:08:07",551,588,132,150,"Positive",0.5639738,"VO0068_VP11_F3_20150525",1,13
"77",12390,"0:08:15",349,284,151,185,"Positive",0.8585631,"VO0068_VP11_F3_20150525",207,14
"78",12391,"0:08:15",401,413,104,173,"Negative",0.906292,"VO0068_VP11_F3_20150525",1,14
"79",12392,"0:08:15",368,520,190,244,"Positive",0.99351704,"VO0068_VP11_F3_20150525",1,14
"80",16568,"0:11:02",1146,258,271,134,"Positive",0.9885162,"VO0068_VP11_F3_20150525",4176,15
"81",16569,"0:11:02",1059,292,286,221,"Negative",0.65305257,"VO0068_VP11_F3_20150525",1,15
"82",16570,"0:11:02",884,329,227,257,"Positive",0.8182454,"VO0068_VP11_F3_20150525",1,15
"83",16571,"0:11:02",757,300,234,301,"Positive",0.5297619,"VO0068_VP11_F3_20150525",1,15
"84",16572,"0:11:02",757,255,261,252,"Positive",0.99103105,"VO0068_VP11_F3_20150525",1,15
"85",16573,"0:11:02",688,269,220,163,"Negative",0.579318,"VO0068_VP11_F3_20150525",1,15
"86",16574,"0:11:02",499,252,228,219,"Negative",0.92698765,"VO0068_VP11_F3_20150525",1,15
"87",16575,"0:11:03",507,240,234,271,"Negative",0.75916934,"VO0068_VP11_F3_20150525",1,15
"88",16576,"0:11:03",524,243,234,86,"Negative",0.5327715,"VO0068_VP11_F3_20150525",1,15
"89",16577,"0:11:03",490,254,175,105,"Positive",0.8309416,"VO0068_VP11_F3_20150525",1,15
"90",16667,"0:11:06",968,403,272,202,"Negative",0.84380984,"VO0068_VP11_F3_20150525",90,16
"91",16669,"0:11:06",674,352,231,268,"Positive",0.70959926,"VO0068_VP11_F3_20150525",2,16
"92",16670,"0:11:06",564,374,202,186,"Positive",0.9985482,"VO0068_VP11_F3_20150525",1,16
"93",16671,"0:11:06",526,330,159,308,"Positive",0.99277085,"VO0068_VP11_F3_20150525",1,16
"94",16672,"0:11:06",476,321,198,201,"Positive",0.963461,"VO0068_VP11_F3_20150525",1,16
"95",16673,"0:11:06",405,262,205,313,"Negative",0.8201387,"VO0068_VP11_F3_20150525",1,16
"96",16674,"0:11:06",425,269,206,183,"Positive",0.9046327,"VO0068_VP11_F3_20150525",1,16
"97",16675,"0:11:07",414,256,195,196,"Positive",0.9352084,"VO0068_VP11_F3_20150525",1,16
"98",17117,"0:11:24",428,223,112,89,"Negative",0.8865934,"VO0068_VP11_F3_20150525",442,17
"99",17119,"0:11:24",346,283,186,127,"Positive",0.5165298,"VO0068_VP11_F3_20150525",2,17
"100",17121,"0:11:24",176,549,171,377,"Positive",0.920206,"VO0068_VP11_F3_20150525",2,17
"101",17151,"0:11:26",314,218,283,349,"Positive",0.65687925,"VO0068_VP11_F3_20150525",30,18
"102",17153,"0:11:26",412,299,114,104,"Positive",0.7499267,"VO0068_VP11_F3_20150525",2,18
"103",17155,"0:11:26",379,380,179,208,"Positive",0.96673375,"VO0068_VP11_F3_20150525",2,18
"104",17156,"0:11:26",289,395,150,287,"Positive",0.99996567,"VO0068_VP11_F3_20150525",1,18
"105",17157,"0:11:26",379,411,196,175,"Positive",0.99991333,"VO0068_VP11_F3_20150525",1,18
"106",17599,"0:11:43",0,552,168,148,"Negative",0.87488735,"VO0068_VP11_F3_20150525",442,19
"107",17600,"0:11:44",60,484,233,260,"Positive",0.9734142,"VO0068_VP11_F3_20150525",1,19
"108",17601,"0:11:44",40,420,234,241,"Positive",0.9999223,"VO0068_VP11_F3_20150525",1,19
"109",17602,"0:11:44",190,362,237,215,"Negative",0.9031746,"VO0068_VP11_F3_20150525",1,19
"110",17603,"0:11:44",314,320,237,233,"Positive",0.6057108,"VO0068_VP11_F3_20150525",1,19
"111",17604,"0:11:44",366,292,224,125,"Negative",0.92831653,"VO0068_VP11_F3_20150525",1,19
"112",17605,"0:11:44",415,287,222,125,"Positive",0.9426095,"VO0068_VP11_F3_20150525",1,19
"113",17606,"0:11:44",447,279,168,99,"Positive",0.99646264,"VO0068_VP11_F3_20150525",1,19
"114",17607,"0:11:44",422,276,125,124,"Negative",0.6195347,"VO0068_VP11_F3_20150525",1,19
"115",17666,"0:11:46",364,300,97,189,"Positive",0.9401934,"VO0068_VP11_F3_20150525",59,NA
"116",17857,"0:11:54",455,275,163,157,"Positive",0.9938421,"VO0068_VP11_F3_20150525",191,20
"117",17858,"0:11:54",485,336,149,146,"Positive",0.91199744,"VO0068_VP11_F3_20150525",1,20
"118",17859,"0:11:54",497,301,251,149,"Positive",0.9438352,"VO0068_VP11_F3_20150525",1,20
"119",17860,"0:11:54",506,462,195,225,"Positive",0.7993135,"VO0068_VP11_F3_20150525",1,20
"120",19797,"0:13:11",608,551,169,191,"Positive",0.99994373,"VO0068_VP11_F3_20150525",1937,21
"121",19798,"0:13:11",656,468,220,83,"Negative",0.6132735,"VO0068_VP11_F3_20150525",1,21
"122",19799,"0:13:11",579,349,247,247,"Positive",0.99974066,"VO0068_VP11_F3_20150525",1,21
"123",19800,"0:13:12",591,358,210,134,"Negative",0.5816173,"VO0068_VP11_F3_20150525",1,21
"124",19801,"0:13:12",451,307,213,200,"Positive",0.8839145,"VO0068_VP11_F3_20150525",1,21
"125",19802,"0:13:12",527,276,246,189,"Positive",0.7912099,"VO0068_VP11_F3_20150525",1,21
"126",19803,"0:13:12",497,269,229,99,"Positive",0.8181754,"VO0068_VP11_F3_20150525",1,21
"127",19804,"0:13:12",486,268,228,111,"Positive",0.5976046,"VO0068_VP11_F3_20150525",1,21
"128",21694,"0:14:27",445,292,99,118,"Negative",0.6468368,"VO0068_VP11_F3_20150525",1890,22
"129",21695,"0:14:27",402,324,151,211,"Negative",0.7313891,"VO0068_VP11_F3_20150525",1,22
"130",21696,"0:14:27",337,349,115,208,"Positive",0.8611169,"VO0068_VP11_F3_20150525",1,22
"131",21697,"0:14:27",349,328,170,202,"Positive",0.9999895,"VO0068_VP11_F3_20150525",1,22
"132",21700,"0:14:28",439,625,95,203,"Positive",0.7662051,"VO0068_VP11_F3_20150525",3,22
"133",22133,"0:14:45",12,499,221,318,"Positive",0.8694556,"VO0068_VP11_F3_20150525",433,23
"134",22134,"0:14:45",113,460,247,235,"Negative",0.55299586,"VO0068_VP11_F3_20150525",1,23
"135",22135,"0:14:45",311,433,213,203,"Positive",0.7045493,"VO0068_VP11_F3_20150525",1,23
"136",22136,"0:14:45",240,285,262,300,"Negative",0.5291984,"VO0068_VP11_F3_20150525",1,23
"137",22137,"0:14:45",377,335,214,201,"Positive",0.93166065,"VO0068_VP11_F3_20150525",1,23
"138",22138,"0:14:45",454,297,200,173,"Negative",0.82106906,"VO0068_VP11_F3_20150525",1,23
"139",22139,"0:14:45",330,226,223,263,"Positive",0.99954456,"VO0068_VP11_F3_20150525",1,23
"140",22140,"0:14:45",423,254,191,179,"Positive",0.98016614,"VO0068_VP11_F3_20150525",1,23
"141",22141,"0:14:45",444,287,139,117,"Negative",0.84527117,"VO0068_VP11_F3_20150525",1,23
"142",22632,"0:15:05",423,225,131,169,"Positive",0.8932035,"VO0068_VP11_F3_20150525",491,24
"143",22633,"0:15:05",425,294,64,147,"Negative",0.55066323,"VO0068_VP11_F3_20150525",1,24
"144",22634,"0:15:05",388,275,147,157,"Positive",0.756949,"VO0068_VP11_F3_20150525",1,24
"145",22637,"0:15:05",250,299,119,199,"Positive",0.69128656,"VO0068_VP11_F3_20150525",3,24
"146",22639,"0:15:05",297,276,131,187,"Positive",0.84100384,"VO0068_VP11_F3_20150525",2,24
"147",22641,"0:15:05",342,339,112,160,"Negative",0.8612495,"VO0068_VP11_F3_20150525",2,24
"148",23457,"0:15:38",475,225,273,214,"Positive",0.99504036,"VO0068_VP11_F3_20150525",816,25
"149",23459,"0:15:38",663,257,139,124,"Negative",0.9153939,"VO0068_VP11_F3_20150525",2,25
"150",23461,"0:15:38",836,373,152,216,"Negative",0.94379324,"VO0068_VP11_F3_20150525",2,25
"151",24387,"0:16:15",15,425,215,276,"Positive",0.9999676,"VO0068_VP11_F3_20150525",926,26
"152",24389,"0:16:15",206,326,225,215,"Positive",0.86385417,"VO0068_VP11_F3_20150525",2,26
"153",24390,"0:16:15",338,290,259,203,"Negative",0.7200918,"VO0068_VP11_F3_20150525",1,26
"154",24391,"0:16:15",334,266,221,206,"Positive",0.74707776,"VO0068_VP11_F3_20150525",1,26
"155",24392,"0:16:15",428,253,220,111,"Positive",0.79274625,"VO0068_VP11_F3_20150525",1,26
"156",24393,"0:16:15",399,265,141,127,"Positive",0.7323254,"VO0068_VP11_F3_20150525",1,26
"157",25104,"0:16:44",92,173,307,361,"Negative",0.8170319,"VO0068_VP11_F3_20150525",711,NA
"158",25105,"0:16:44",762,198,233,327,"Negative",0.75855803,"VO0068_VP11_F3_20150525",1,NA
"159",27959,"0:18:38",947,577,143,175,"Positive",0.89653593,"VO0068_VP11_F3_20150525",2854,27
"160",27961,"0:18:38",608,446,256,285,"Positive",0.9998342,"VO0068_VP11_F3_20150525",2,27
"161",27962,"0:18:38",519,416,269,189,"Negative",0.7869833,"VO0068_VP11_F3_20150525",1,27
"162",27963,"0:18:38",411,371,258,209,"Positive",0.55090773,"VO0068_VP11_F3_20150525",1,27
"163",27964,"0:18:38",377,258,317,290,"Positive",0.99763787,"VO0068_VP11_F3_20150525",1,27
"164",27965,"0:18:38",344,330,202,261,"Positive",0.9775774,"VO0068_VP11_F3_20150525",1,27
"165",27967,"0:18:38",379,277,196,157,"Positive",0.9981706,"VO0068_VP11_F3_20150525",2,27
"166",27968,"0:18:38",330,260,176,291,"Positive",0.85106134,"VO0068_VP11_F3_20150525",1,27
"167",27970,"0:18:38",456,251,89,151,"Positive",0.8115896,"VO0068_VP11_F3_20150525",2,27
"168",28241,"0:18:49",402,273,101,143,"Positive",0.716036,"VO0068_VP11_F3_20150525",271,28
"169",28242,"0:18:49",380,269,133,160,"Positive",0.9846848,"VO0068_VP11_F3_20150525",1,28
"170",28244,"0:18:49",342,454,151,120,"Negative",0.77553296,"VO0068_VP11_F3_20150525",2,28
"171",28245,"0:18:49",264,497,223,236,"Positive",0.9887771,"VO0068_VP11_F3_20150525",1,28
"172",28800,"0:19:12",0,456,264,180,"Positive",0.5358316,"VO0068_VP11_F3_20150525",555,29
"173",28801,"0:19:12",0,325,335,262,"Positive",0.9998834,"VO0068_VP11_F3_20150525",1,29
"174",28802,"0:19:12",45,343,220,227,"Negative",0.94227266,"VO0068_VP11_F3_20150525",1,29
"175",28803,"0:19:12",161,317,168,187,"Negative",0.5152613,"VO0068_VP11_F3_20150525",1,29
"176",28806,"0:19:12",303,218,258,258,"Positive",0.8592157,"VO0068_VP11_F3_20150525",3,29
"177",28808,"0:19:12",467,273,147,90,"Negative",0.8592136,"VO0068_VP11_F3_20150525",2,29
"178",28922,"0:19:16",494,261,113,122,"Negative",0.9000245,"VO0068_VP11_F3_20150525",114,30
"179",28923,"0:19:16",400,299,199,177,"Negative",0.7240743,"VO0068_VP11_F3_20150525",1,30
"180",28925,"0:19:17",517,434,77,127,"Negative",0.74507433,"VO0068_VP11_F3_20150525",2,30
"181",28927,"0:19:17",639,589,112,194,"Negative",0.83601916,"VO0068_VP11_F3_20150525",2,30
"182",31375,"0:20:55",1105,469,185,175,"Negative",0.79788446,"VO0068_VP11_F3_20150525",2448,NA
"183",31376,"0:20:55",557,285,424,471,"Positive",0.9929107,"VO0068_VP11_F3_20150525",1,NA
"184",33681,"0:22:27",0,593,110,116,"Positive",0.8230184,"VO0068_VP11_F3_20150525",2305,31
"185",33682,"0:22:27",0,542,178,252,"Positive",0.91272974,"VO0068_VP11_F3_20150525",1,31
"186",33683,"0:22:27",0,468,239,326,"Positive",0.9946405,"VO0068_VP11_F3_20150525",1,31
"187",33684,"0:22:27",62,433,230,250,"Positive",0.872731,"VO0068_VP11_F3_20150525",1,31
"188",33685,"0:22:27",200,389,222,235,"Positive",0.9915433,"VO0068_VP11_F3_20150525",1,31
"189",33687,"0:22:27",204,302,201,329,"Positive",0.99988616,"VO0068_VP11_F3_20150525",2,31
"190",33688,"0:22:27",223,306,237,224,"Positive",0.9999528,"VO0068_VP11_F3_20150525",1,31
"191",33689,"0:22:27",304,295,230,164,"Positive",0.9700207,"VO0068_VP11_F3_20150525",1,31
"192",33691,"0:22:27",413,250,248,210,"Positive",0.7977735,"VO0068_VP11_F3_20150525",2,31
"193",33692,"0:22:27",408,240,243,199,"Positive",0.99179345,"VO0068_VP11_F3_20150525",1,31
"194",33694,"0:22:27",448,147,189,97,"Negative",0.8784814,"VO0068_VP11_F3_20150525",2,31
"195",34013,"0:22:40",462,143,179,73,"Negative",0.90616864,"VO0068_VP11_F3_20150525",319,32
"196",34014,"0:22:40",414,241,222,130,"Positive",0.92201036,"VO0068_VP11_F3_20150525",1,32
"197",34016,"0:22:40",458,338,141,128,"Positive",0.99044526,"VO0068_VP11_F3_20150525",2,32
"198",34018,"0:22:40",505,554,160,242,"Negative",0.88431203,"VO0068_VP11_F3_20150525",2,32
"199",34019,"0:22:40",697,554,166,192,"Positive",0.9995982,"VO0068_VP11_F3_20150525",1,32
"200",34161,"0:22:46",989,449,271,270,"Positive",0.6008913,"VO0068_VP11_F3_20150525",142,NA
"201",34185,"0:22:47",185,0,104,335,"Positive",0.90792996,"VO0068_VP11_F3_20150525",24,NA
"202",34212,"0:22:48",485,219,289,213,"Positive",0.96589744,"VO0068_VP11_F3_20150525",27,33
"203",34215,"0:22:48",649,416,139,155,"Positive",0.65861523,"VO0068_VP11_F3_20150525",3,33
"204",34217,"0:22:48",859,493,227,309,"Negative",0.5593716,"VO0068_VP11_F3_20150525",2,33
"205",35479,"0:23:39",666,394,114,345,"Positive",0.98930955,"VO0068_VP11_F3_20150525",1262,34
"206",35499,"0:23:39",672,250,289,220,"Positive",0.6196822,"VO0068_VP11_F3_20150525",20,34
"207",35500,"0:23:40",549,258,268,260,"Positive",0.97745436,"VO0068_VP11_F3_20150525",1,34
"208",35501,"0:23:40",480,251,249,223,"Positive",0.99744475,"VO0068_VP11_F3_20150525",1,34
"209",35502,"0:23:40",460,256,206,260,"Positive",0.9076561,"VO0068_VP11_F3_20150525",1,34
"210",35503,"0:23:40",450,327,177,235,"Positive",0.9333181,"VO0068_VP11_F3_20150525",1,34
"211",35506,"0:23:40",442,290,178,169,"Positive",0.8693392,"VO0068_VP11_F3_20150525",3,34
"212",35507,"0:23:40",341,238,202,348,"Positive",0.99814343,"VO0068_VP11_F3_20150525",1,34
"213",35508,"0:23:40",436,242,173,142,"Positive",0.91608673,"VO0068_VP11_F3_20150525",1,34
"214",36593,"0:24:23",471,245,211,178,"Negative",0.64418066,"VO0068_VP11_F3_20150525",1085,35
"215",36594,"0:24:23",367,285,179,203,"Negative",0.78505427,"VO0068_VP11_F3_20150525",1,35
"216",36596,"0:24:23",494,359,119,194,"Positive",0.9709499,"VO0068_VP11_F3_20150525",2,35
"217",36833,"0:24:33",908,529,191,242,"Positive",0.66363037,"VO0068_VP11_F3_20150525",237,36
"218",36834,"0:24:33",832,424,235,272,"Positive",0.6853495,"VO0068_VP11_F3_20150525",1,36
"219",36836,"0:24:33",748,403,182,160,"Positive",0.64935035,"VO0068_VP11_F3_20150525",2,36
"220",36837,"0:24:33",616,369,164,149,"Negative",0.7347774,"VO0068_VP11_F3_20150525",1,36
"221",36838,"0:24:33",562,339,129,182,"Positive",0.93033963,"VO0068_VP11_F3_20150525",1,36
"222",36839,"0:24:33",586,309,152,127,"Negative",0.8581174,"VO0068_VP11_F3_20150525",1,36
"223",36841,"0:24:33",403,266,144,160,"Positive",0.633474,"VO0068_VP11_F3_20150525",2,36
"224",36842,"0:24:33",444,198,234,245,"Negative",0.8936928,"VO0068_VP11_F3_20150525",1,36
"225",36843,"0:24:33",450,247,159,125,"Positive",0.6739459,"VO0068_VP11_F3_20150525",1,36
"226",36844,"0:24:33",435,274,140,127,"Positive",0.8476149,"VO0068_VP11_F3_20150525",1,36
"227",37126,"0:24:45",1057,180,207,223,"Negative",0.7347935,"VO0068_VP11_F3_20150525",282,37
"228",37127,"0:24:45",941,228,212,312,"Positive",0.7600384,"VO0068_VP11_F3_20150525",1,37
"229",37128,"0:24:45",812,193,276,360,"Negative",0.6571156,"VO0068_VP11_F3_20150525",1,37
"230",37129,"0:24:45",759,166,310,338,"Positive",0.9994349,"VO0068_VP11_F3_20150525",1,37
"231",37130,"0:24:45",769,246,224,236,"Negative",0.7539187,"VO0068_VP11_F3_20150525",1,37
"232",37131,"0:24:45",616,249,212,189,"Negative",0.82501346,"VO0068_VP11_F3_20150525",1,37
"233",37132,"0:24:45",499,248,230,228,"Positive",0.8791777,"VO0068_VP11_F3_20150525",1,37
"234",37133,"0:24:45",484,245,230,225,"Positive",0.99947864,"VO0068_VP11_F3_20150525",1,37
"235",37134,"0:24:45",520,245,229,195,"Positive",0.83354545,"VO0068_VP11_F3_20150525",1,37
"236",37135,"0:24:45",493,262,233,66,"Positive",0.6820036,"VO0068_VP11_F3_20150525",1,37
"237",37136,"0:24:45",464,263,194,142,"Negative",0.7979674,"VO0068_VP11_F3_20150525",1,37
"238",37213,"0:24:48",505,150,183,92,"Positive",0.9312626,"VO0068_VP11_F3_20150525",77,38
"239",37215,"0:24:48",547,338,124,172,"Positive",0.7605902,"VO0068_VP11_F3_20150525",2,38
"240",37217,"0:24:48",578,549,120,143,"Negative",0.9441001,"VO0068_VP11_F3_20150525",2,38
"241",37218,"0:24:48",768,492,228,213,"Positive",0.89045066,"VO0068_VP11_F3_20150525",1,38
"242",37235,"0:24:49",0,551,169,330,"Negative",0.52329713,"VO0068_VP11_F3_20150525",17,38
"243",37236,"0:24:49",212,623,97,332,"Negative",0.89679915,"VO0068_VP11_F3_20150525",1,38
"244",37259,"0:24:50",1123,505,214,157,"Negative",0.6295276,"VO0068_VP11_F3_20150525",23,39
"245",37260,"0:24:50",756,231,489,360,"Positive",0.9999764,"VO0068_VP11_F3_20150525",1,39
"246",37261,"0:24:50",258,421,234,410,"Positive",0.9997098,"VO0068_VP11_F3_20150525",1,39
"247",37262,"0:24:50",0,249,471,216,"Negative",0.5730444,"VO0068_VP11_F3_20150525",1,39
"248",37578,"0:25:03",408,258,149,156,"Negative",0.83057266,"VO0068_VP11_F3_20150525",316,40
"249",37579,"0:25:03",404,376,164,167,"Positive",0.7144725,"VO0068_VP11_F3_20150525",1,40
"250",37580,"0:25:03",377,466,242,247,"Negative",0.73251915,"VO0068_VP11_F3_20150525",1,40
"251",37581,"0:25:03",400,598,120,318,"Negative",0.50592357,"VO0068_VP11_F3_20150525",1,40
"252",40132,"0:26:45",1063,375,300,217,"Negative",0.5635325,"VO0068_VP11_F3_20150525",2551,41
"253",40133,"0:26:45",876,378,305,324,"Positive",0.99028206,"VO0068_VP11_F3_20150525",1,41
"254",40134,"0:26:45",785,441,256,329,"Positive",0.8055034,"VO0068_VP11_F3_20150525",1,41
"255",40135,"0:26:45",665,473,247,304,"Positive",0.72302705,"VO0068_VP11_F3_20150525",1,41
"256",40136,"0:26:45",559,472,236,224,"Positive",0.9895962,"VO0068_VP11_F3_20150525",1,41
"257",40137,"0:26:45",475,442,204,353,"Positive",0.97653663,"VO0068_VP11_F3_20150525",1,41
"258",40138,"0:26:45",450,408,259,347,"Positive",0.95113844,"VO0068_VP11_F3_20150525",1,41
"259",40139,"0:26:45",483,417,211,235,"Positive",0.99994326,"VO0068_VP11_F3_20150525",1,41
"260",40140,"0:26:45",432,378,193,251,"Positive",0.9745851,"VO0068_VP11_F3_20150525",1,41
"261",40141,"0:26:45",392,327,97,302,"Positive",0.5149885,"VO0068_VP11_F3_20150525",1,41
"262",40142,"0:26:45",452,296,222,174,"Positive",0.86977845,"VO0068_VP11_F3_20150525",1,41
"263",40143,"0:26:45",359,272,212,274,"Positive",0.8153653,"VO0068_VP11_F3_20150525",1,41
"264",40144,"0:26:45",352,254,203,340,"Positive",0.98787516,"VO0068_VP11_F3_20150525",1,41
"265",40146,"0:26:45",400,287,133,132,"Positive",0.81854284,"VO0068_VP11_F3_20150525",2,41
"266",40355,"0:26:54",580,0,155,333,"Positive",0.73645496,"VO0068_VP11_F3_20150525",209,42
"267",40357,"0:26:54",503,0,126,238,"Negative",0.9493873,"VO0068_VP11_F3_20150525",2,42
"268",40358,"0:26:54",448,0,137,263,"Positive",0.7721771,"VO0068_VP11_F3_20150525",1,42
"269",40359,"0:26:54",372,12,213,188,"Negative",0.8973677,"VO0068_VP11_F3_20150525",1,42
"270",40360,"0:26:54",366,46,190,217,"Negative",0.92288595,"VO0068_VP11_F3_20150525",1,42
"271",40361,"0:26:54",381,1,230,246,"Positive",0.9779678,"VO0068_VP11_F3_20150525",1,42
"272",40362,"0:26:54",456,53,165,127,"Positive",0.9543645,"VO0068_VP11_F3_20150525",1,42
"273",40363,"0:26:54",417,55,227,259,"Positive",0.9188193,"VO0068_VP11_F3_20150525",1,42
"274",40365,"0:26:54",455,129,151,187,"Positive",0.6295475,"VO0068_VP11_F3_20150525",2,42
"275",40388,"0:26:55",167,15,160,166,"Positive",0.9554579,"VO0068_VP11_F3_20150525",23,43
"276",40389,"0:26:55",112,0,154,232,"Positive",0.9999045,"VO0068_VP11_F3_20150525",1,43
"277",40390,"0:26:55",137,29,115,205,"Positive",0.9379899,"VO0068_VP11_F3_20150525",1,43
"278",40391,"0:26:55",215,75,135,162,"Positive",0.99394625,"VO0068_VP11_F3_20150525",1,43
"279",40392,"0:26:55",261,123,117,161,"Negative",0.6145848,"VO0068_VP11_F3_20150525",1,43
"280",40393,"0:26:55",323,169,125,201,"Positive",0.8362615,"VO0068_VP11_F3_20150525",1,43
"281",40395,"0:26:55",395,196,131,134,"Negative",0.91161674,"VO0068_VP11_F3_20150525",2,43
"282",40571,"0:27:02",368,249,248,298,"Negative",0.8919612,"VO0068_VP11_F3_20150525",176,NA
"283",40575,"0:27:03",644,524,164,282,"Negative",0.55582434,"VO0068_VP11_F3_20150525",4,NA
"284",42744,"0:28:29",1038,326,252,242,"Positive",0.98897713,"VO0068_VP11_F3_20150525",2169,44
"285",42745,"0:28:29",842,295,269,279,"Positive",0.90639836,"VO0068_VP11_F3_20150525",1,44
"286",42746,"0:28:29",788,257,283,294,"Positive",0.9334234,"VO0068_VP11_F3_20150525",1,44
"287",42747,"0:28:29",636,306,209,219,"Positive",0.95197785,"VO0068_VP11_F3_20150525",1,44
"288",42748,"0:28:29",602,287,186,286,"Positive",0.6360097,"VO0068_VP11_F3_20150525",1,44
"289",42749,"0:28:29",524,276,201,179,"Positive",0.8298406,"VO0068_VP11_F3_20150525",1,44
"290",42751,"0:28:30",442,244,180,134,"Positive",0.97185564,"VO0068_VP11_F3_20150525",2,44
"291",42752,"0:28:30",382,200,309,277,"Positive",0.97330475,"VO0068_VP11_F3_20150525",1,44
"292",42753,"0:28:30",426,237,162,136,"Positive",0.8236409,"VO0068_VP11_F3_20150525",1,44
"293",43026,"0:28:41",411,150,264,281,"Positive",0.8863782,"VO0068_VP11_F3_20150525",273,45
"294",43027,"0:28:41",483,278,103,100,"Positive",0.76626784,"VO0068_VP11_F3_20150525",1,45
"295",43030,"0:28:41",591,538,132,144,"Positive",0.7554506,"VO0068_VP11_F3_20150525",3,45
"296",45241,"0:30:09",512,553,167,329,"Positive",0.9981712,"VO0068_VP11_F3_20150525",2211,46
"297",45242,"0:30:09",527,497,211,199,"Positive",0.96652126,"VO0068_VP11_F3_20150525",1,46
"298",45243,"0:30:09",415,445,205,215,"Positive",0.97343826,"VO0068_VP11_F3_20150525",1,46
"299",45244,"0:30:09",431,391,179,215,"Negative",0.72488725,"VO0068_VP11_F3_20150525",1,46
"300",45245,"0:30:09",380,345,211,156,"Negative",0.8528188,"VO0068_VP11_F3_20150525",1,46
"301",45246,"0:30:09",378,308,182,168,"Positive",0.8087199,"VO0068_VP11_F3_20150525",1,46
"302",45247,"0:30:09",411,278,186,133,"Positive",0.8984824,"VO0068_VP11_F3_20150525",1,46
"303",45248,"0:30:09",322,237,180,342,"Positive",0.98474574,"VO0068_VP11_F3_20150525",1,46
"304",45249,"0:30:09",428,245,165,132,"Negative",0.7963467,"VO0068_VP11_F3_20150525",1,46
"305",45447,"0:30:17",424,324,175,153,"Positive",0.6941487,"VO0068_VP11_F3_20150525",198,47
"306",45448,"0:30:17",510,330,146,181,"Negative",0.93511236,"VO0068_VP11_F3_20150525",1,47
"307",45449,"0:30:17",538,513,134,93,"Negative",0.870549,"VO0068_VP11_F3_20150525",1,47
"308",45450,"0:30:18",531,591,125,269,"Negative",0.8056509,"VO0068_VP11_F3_20150525",1,47
"309",46004,"0:30:40",348,254,283,350,"Positive",0.96555084,"VO0068_VP11_F3_20150525",554,48
"310",46005,"0:30:40",453,237,140,128,"Negative",0.53002703,"VO0068_VP11_F3_20150525",1,48
"311",46007,"0:30:40",454,420,128,161,"Positive",0.8497031,"VO0068_VP11_F3_20150525",2,48
"312",46009,"0:30:40",422,456,174,259,"Negative",0.90165746,"VO0068_VP11_F3_20150525",2,48
"313",48849,"0:32:33",923,0,80,323,"Negative",0.9363285,"VO0068_VP11_F3_20150525",2840,NA
"314",48995,"0:32:39",780,282,279,194,"Positive",0.98833746,"VO0068_VP11_F3_20150525",146,49
"315",48996,"0:32:39",639,287,254,173,"Positive",0.8421795,"VO0068_VP11_F3_20150525",1,49
"316",48997,"0:32:39",556,264,252,301,"Positive",0.66441154,"VO0068_VP11_F3_20150525",1,49
"317",48998,"0:32:39",480,291,190,204,"Positive",0.9056556,"VO0068_VP11_F3_20150525",1,49
"318",48999,"0:32:39",449,215,192,148,"Positive",0.57282513,"VO0068_VP11_F3_20150525",1,49
"319",49000,"0:32:39",440,251,203,183,"Positive",0.65016043,"VO0068_VP11_F3_20150525",1,49
"320",49001,"0:32:40",421,257,239,203,"Positive",0.9982487,"VO0068_VP11_F3_20150525",1,49
"321",49002,"0:32:40",378,240,205,266,"Negative",0.53449416,"VO0068_VP11_F3_20150525",1,49
"322",50849,"0:33:53",0,109,242,154,"Negative",0.92192787,"VO0068_VP11_F3_20150525",1847,NA
"323",52059,"0:34:42",129,479,161,158,"Negative",0.730958,"VO0068_VP11_F3_20150525",1210,50
"324",52060,"0:34:42",194,392,203,221,"Negative",0.84271777,"VO0068_VP11_F3_20150525",1,50
"325",52061,"0:34:42",284,327,223,164,"Positive",0.9745926,"VO0068_VP11_F3_20150525",1,50
"326",52062,"0:34:42",354,288,207,149,"Negative",0.81982213,"VO0068_VP11_F3_20150525",1,50
"327",52063,"0:34:42",400,269,198,107,"Positive",0.9773771,"VO0068_VP11_F3_20150525",1,50
"328",52064,"0:34:42",406,259,129,116,"Positive",0.8423016,"VO0068_VP11_F3_20150525",1,50
"329",53029,"0:35:21",314,264,246,352,"Positive",0.9991516,"VO0068_VP11_F3_20150525",965,51
"330",53031,"0:35:21",440,399,120,110,"Positive",0.9205661,"VO0068_VP11_F3_20150525",2,51
"331",53032,"0:35:21",334,488,141,369,"Negative",0.8898515,"VO0068_VP11_F3_20150525",1,51
"332",56890,"0:37:55",233,59,297,761,"Negative",0.89761084,"VO0068_VP11_F3_20150525",3858,NA
"333",56932,"0:37:57",325,276,412,395,"Positive",0.961601,"VO0068_VP11_F3_20150525",42,NA
"334",58959,"0:39:18",1017,489,231,263,"Negative",0.8819453,"VO0068_VP11_F3_20150525",2027,52
"335",58960,"0:39:18",885,472,248,332,"Positive",0.7737987,"VO0068_VP11_F3_20150525",1,52
"336",58961,"0:39:18",742,492,217,302,"Positive",0.6474219,"VO0068_VP11_F3_20150525",1,52
"337",58962,"0:39:18",631,423,220,384,"Positive",0.759054,"VO0068_VP11_F3_20150525",1,52
"338",58963,"0:39:18",611,406,226,235,"Positive",0.7433966,"VO0068_VP11_F3_20150525",1,52
"339",58964,"0:39:18",505,372,189,213,"Positive",0.58848953,"VO0068_VP11_F3_20150525",1,52
"340",58965,"0:39:18",527,354,182,140,"Negative",0.7266199,"VO0068_VP11_F3_20150525",1,52
"341",58966,"0:39:18",409,281,194,227,"Negative",0.86889917,"VO0068_VP11_F3_20150525",1,52
"342",58967,"0:39:18",403,264,215,262,"Positive",0.9869964,"VO0068_VP11_F3_20150525",1,52
"343",58968,"0:39:18",417,254,203,153,"Positive",0.91912895,"VO0068_VP11_F3_20150525",1,52
"344",58969,"0:39:18",362,244,252,288,"Positive",0.999884,"VO0068_VP11_F3_20150525",1,52
"345",59192,"0:39:27",478,236,136,105,"Negative",0.8581849,"VO0068_VP11_F3_20150525",223,53
"346",59193,"0:39:27",441,265,262,120,"Positive",0.93665946,"VO0068_VP11_F3_20150525",1,53
"347",59194,"0:39:27",404,323,194,293,"Positive",0.98331094,"VO0068_VP11_F3_20150525",1,53
"348",59397,"0:39:35",493,193,288,159,"Negative",0.8191349,"VO0068_VP11_F3_20150525",203,54
"349",59399,"0:39:35",437,395,152,180,"Positive",0.77694756,"VO0068_VP11_F3_20150525",2,54
"350",59400,"0:39:36",532,466,206,204,"Negative",0.90222466,"VO0068_VP11_F3_20150525",1,54
"351",59401,"0:39:36",620,416,265,267,"Negative",0.55608314,"VO0068_VP11_F3_20150525",1,54
"352",59402,"0:39:36",766,500,220,236,"Positive",0.8862702,"VO0068_VP11_F3_20150525",1,54
"353",59893,"0:39:55",233,249,94,127,"Positive",0.9999963,"VO0068_VP11_F3_20150525",491,NA
"354",63601,"0:42:24",789,458,262,226,"Positive",0.97565484,"VO0068_VP11_F3_20150525",3708,55
"355",63602,"0:42:24",651,387,248,274,"Positive",0.70149016,"VO0068_VP11_F3_20150525",1,55
"356",63603,"0:42:24",552,356,218,175,"Negative",0.59379053,"VO0068_VP11_F3_20150525",1,55
"357",63606,"0:42:24",394,210,232,294,"Positive",0.9987937,"VO0068_VP11_F3_20150525",3,55
"358",63607,"0:42:24",398,259,184,167,"Positive",0.92260754,"VO0068_VP11_F3_20150525",1,55
"359",63608,"0:42:24",417,259,206,205,"Positive",0.9425181,"VO0068_VP11_F3_20150525",1,55
"360",63895,"0:42:35",341,231,274,291,"Positive",0.997209,"VO0068_VP11_F3_20150525",287,56
"361",63896,"0:42:35",430,195,214,261,"Positive",0.7842119,"VO0068_VP11_F3_20150525",1,56
"362",63897,"0:42:35",517,277,134,168,"Positive",0.9455848,"VO0068_VP11_F3_20150525",1,56
"363",63900,"0:42:36",627,580,133,164,"Negative",0.88708466,"VO0068_VP11_F3_20150525",3,56
"364",65715,"0:43:48",1062,430,290,218,"Negative",0.5075691,"VO0068_VP11_F3_20150525",1815,57
"365",65717,"0:43:48",709,411,230,214,"Positive",0.99987423,"VO0068_VP11_F3_20150525",2,57
"366",65718,"0:43:48",614,304,284,262,"Positive",0.70629483,"VO0068_VP11_F3_20150525",1,57
"367",65719,"0:43:48",547,327,218,241,"Positive",0.92803943,"VO0068_VP11_F3_20150525",1,57
"368",65720,"0:43:48",475,324,181,210,"Positive",0.98586464,"VO0068_VP11_F3_20150525",1,57
"369",65721,"0:43:48",470,250,199,244,"Positive",0.9713557,"VO0068_VP11_F3_20150525",1,57
"370",65722,"0:43:48",443,256,195,172,"Positive",0.50743365,"VO0068_VP11_F3_20150525",1,57
"371",65723,"0:43:48",392,235,240,250,"Positive",0.94159037,"VO0068_VP11_F3_20150525",1,57
"372",65724,"0:43:48",403,238,70,243,"Positive",0.7161086,"VO0068_VP11_F3_20150525",1,57
"373",69681,"0:46:27",402,537,183,199,"Negative",0.94662035,"VO0068_VP11_F3_20150525",3957,NA
"374",70693,"0:47:07",840,0,336,328,"Negative",0.75478846,"VO0068_VP11_F3_20150525",1012,58
"375",70694,"0:47:07",649,20,300,355,"Positive",0.8338173,"VO0068_VP11_F3_20150525",1,58
"376",70695,"0:47:07",500,87,191,324,"Positive",0.7795941,"VO0068_VP11_F3_20150525",1,58
"377",70697,"0:47:07",377,122,129,132,"Positive",0.5646904,"VO0068_VP11_F3_20150525",2,58
"378",70698,"0:47:07",271,141,166,205,"Positive",0.7452101,"VO0068_VP11_F3_20150525",1,58
"379",70699,"0:47:07",110,246,214,259,"Positive",0.9961584,"VO0068_VP11_F3_20150525",1,58
"380",70700,"0:47:08",88,242,232,287,"Positive",0.98567516,"VO0068_VP11_F3_20150525",1,58
"381",70701,"0:47:08",97,321,164,318,"Positive",0.9964701,"VO0068_VP11_F3_20150525",1,58
"382",70702,"0:47:08",102,261,235,361,"Positive",0.6430578,"VO0068_VP11_F3_20150525",1,58
"383",70703,"0:47:08",201,308,193,212,"Positive",0.69013494,"VO0068_VP11_F3_20150525",1,58
"384",70706,"0:47:08",220,283,233,348,"Positive",0.9532139,"VO0068_VP11_F3_20150525",3,58
"385",70707,"0:47:08",261,274,240,287,"Positive",0.9598012,"VO0068_VP11_F3_20150525",1,58
"386",70709,"0:47:08",387,249,220,152,"Positive",0.5703465,"VO0068_VP11_F3_20150525",2,58
"387",70710,"0:47:08",449,238,217,190,"Negative",0.9418542,"VO0068_VP11_F3_20150525",1,58
"388",70711,"0:47:08",339,225,214,294,"Positive",0.9745711,"VO0068_VP11_F3_20150525",1,58
"389",70712,"0:47:08",385,195,137,141,"Positive",0.7164542,"VO0068_VP11_F3_20150525",1,58
"390",70863,"0:47:14",459,195,141,69,"Negative",0.9208552,"VO0068_VP11_F3_20150525",151,59
"391",70864,"0:47:14",353,222,190,335,"Positive",0.9120275,"VO0068_VP11_F3_20150525",1,59
"392",70867,"0:47:14",516,394,133,128,"Positive",0.6937292,"VO0068_VP11_F3_20150525",3,59
"393",71764,"0:47:50",342,316,165,362,"Positive",0.9911351,"VO0068_VP11_F3_20150525",897,60
"394",71767,"0:47:50",505,545,82,137,"Positive",0.5028836,"VO0068_VP11_F3_20150525",3,60
"395",71768,"0:47:50",525,628,92,152,"Negative",0.8896252,"VO0068_VP11_F3_20150525",1,60
"396",74193,"0:49:27",810,448,272,273,"Positive",0.98596454,"VO0068_VP11_F3_20150525",2425,61
"397",74194,"0:49:27",678,408,253,322,"Positive",0.99555165,"VO0068_VP11_F3_20150525",1,61
"398",74195,"0:49:27",604,437,179,262,"Positive",0.89925456,"VO0068_VP11_F3_20150525",1,61
"399",74196,"0:49:27",529,333,213,336,"Positive",0.96921,"VO0068_VP11_F3_20150525",1,61
"400",74197,"0:49:27",473,332,200,212,"Positive",0.9992673,"VO0068_VP11_F3_20150525",1,61
"401",74198,"0:49:27",433,272,210,209,"Positive",0.8863286,"VO0068_VP11_F3_20150525",1,61
"402",74199,"0:49:27",413,257,209,252,"Positive",0.99611866,"VO0068_VP11_F3_20150525",1,61
"403",74200,"0:49:28",438,256,201,173,"Positive",0.9985857,"VO0068_VP11_F3_20150525",1,61
"404",74201,"0:49:28",358,234,246,308,"Positive",0.9874505,"VO0068_VP11_F3_20150525",1,61
"405",74256,"0:49:30",163,432,288,916,"Positive",0.8272533,"VO0068_VP11_F3_20150525",55,NA
"406",74309,"0:49:32",1013,443,103,267,"Positive",0.6750218,"VO0068_VP11_F3_20150525",53,NA
"407",75125,"0:50:05",749,10,252,304,"Negative",0.9014341,"VO0068_VP11_F3_20150525",816,62
"408",75126,"0:50:05",627,48,285,336,"Positive",0.9738556,"VO0068_VP11_F3_20150525",1,62
"409",75127,"0:50:05",550,127,224,379,"Positive",0.7270684,"VO0068_VP11_F3_20150525",1,62
"410",75128,"0:50:05",517,192,226,315,"Negative",0.8133443,"VO0068_VP11_F3_20150525",1,62
"411",75129,"0:50:05",483,242,191,222,"Positive",0.86009043,"VO0068_VP11_F3_20150525",1,62
"412",75130,"0:50:05",420,243,198,282,"Positive",0.99838316,"VO0068_VP11_F3_20150525",1,62
"413",75131,"0:50:05",408,235,215,205,"Positive",0.85826904,"VO0068_VP11_F3_20150525",1,62
"414",75134,"0:50:05",415,289,174,189,"Positive",0.98629797,"VO0068_VP11_F3_20150525",3,62
"415",75135,"0:50:05",348,251,214,243,"Positive",0.9999647,"VO0068_VP11_F3_20150525",1,62
"416",75136,"0:50:05",322,285,180,325,"Positive",0.99981004,"VO0068_VP11_F3_20150525",1,62
"417",75203,"0:50:08",346,232,280,341,"Positive",0.9998735,"VO0068_VP11_F3_20150525",67,63
"418",75205,"0:50:08",383,275,233,236,"Negative",0.5326084,"VO0068_VP11_F3_20150525",2,63
"419",75206,"0:50:08",516,333,141,126,"Negative",0.8250604,"VO0068_VP11_F3_20150525",1,63
"420",75207,"0:50:08",515,488,150,145,"Negative",0.8153586,"VO0068_VP11_F3_20150525",1,63
"421",75208,"0:50:08",568,564,126,311,"Negative",0.93486583,"VO0068_VP11_F3_20150525",1,63
"422",75928,"0:50:37",187,224,87,160,"Negative",0.53984517,"VO0068_VP11_F3_20150525",720,NA
"423",75931,"0:50:37",407,40,87,166,"Positive",0.81680095,"VO0068_VP11_F3_20150525",3,NA
"424",76521,"0:51:00",577,528,192,173,"Negative",0.8627879,"VO0068_VP11_F3_20150525",590,64
"425",76522,"0:51:00",490,460,215,176,"Positive",0.99382377,"VO0068_VP11_F3_20150525",1,64
"426",76523,"0:51:00",437,419,191,254,"Positive",0.6875691,"VO0068_VP11_F3_20150525",1,64
"427",76524,"0:51:00",416,367,188,185,"Positive",0.654904,"VO0068_VP11_F3_20150525",1,64
"428",76525,"0:51:01",395,257,247,296,"Positive",0.9873208,"VO0068_VP11_F3_20150525",1,64
"429",76526,"0:51:01",396,269,203,164,"Positive",0.8733075,"VO0068_VP11_F3_20150525",1,64
"430",76527,"0:51:01",343,211,249,343,"Positive",0.98588526,"VO0068_VP11_F3_20150525",1,64
"431",76734,"0:51:09",489,211,238,168,"Positive",0.90563506,"VO0068_VP11_F3_20150525",207,65
"432",76735,"0:51:09",443,296,131,142,"Negative",0.9287768,"VO0068_VP11_F3_20150525",1,65
"433",76736,"0:51:09",432,399,151,159,"Positive",0.5398466,"VO0068_VP11_F3_20150525",1,65
"434",76738,"0:51:09",540,546,159,241,"Positive",0.8192184,"VO0068_VP11_F3_20150525",2,65
"435",77426,"0:51:37",972,0,370,308,"Positive",0.99687296,"VO0068_VP11_F3_20150525",688,NA
"436",77427,"0:51:37",1070,19,268,210,"Positive",0.92733103,"VO0068_VP11_F3_20150525",1,NA
"437",78941,"0:52:37",979,42,127,301,"Positive",0.6225375,"VO0068_VP11_F3_20150525",1514,NA
"438",78977,"0:52:39",0,378,194,528,"Negative",0.82915646,"VO0068_VP11_F3_20150525",36,NA
"439",78978,"0:52:39",231,573,147,602,"Negative",0.84854954,"VO0068_VP11_F3_20150525",1,NA
"440",79320,"0:52:52",869,0,539,411,"Positive",0.9925996,"VO0068_VP11_F3_20150525",342,NA
"441",81010,"0:54:00",310,251,177,403,"Negative",0.89354473,"VO0068_VP11_F3_20150525",1690,NA
"442",81272,"0:54:10",0,144,222,133,"Negative",0.7918833,"VO0068_VP11_F3_20150525",262,66
"443",81273,"0:54:10",85,176,212,240,"Positive",0.9959341,"VO0068_VP11_F3_20150525",1,66
"444",81274,"0:54:10",121,177,332,337,"Positive",0.995471,"VO0068_VP11_F3_20150525",1,66
"445",81275,"0:54:11",152,185,261,306,"Positive",0.98807096,"VO0068_VP11_F3_20150525",1,66
"446",81276,"0:54:11",281,219,230,213,"Positive",0.91491055,"VO0068_VP11_F3_20150525",1,66
"447",81277,"0:54:11",383,237,232,162,"Positive",0.9250222,"VO0068_VP11_F3_20150525",1,66
"448",81278,"0:54:11",386,250,171,159,"Positive",0.9970969,"VO0068_VP11_F3_20150525",1,66
"449",81385,"0:54:15",427,79,242,204,"Negative",0.52012473,"VO0068_VP11_F3_20150525",107,67
"450",81387,"0:54:15",448,92,210,168,"Negative",0.8713199,"VO0068_VP11_F3_20150525",2,67
"451",81388,"0:54:15",408,250,82,117,"Positive",0.87468016,"VO0068_VP11_F3_20150525",1,67
"452",81389,"0:54:15",408,235,202,295,"Positive",0.9771593,"VO0068_VP11_F3_20150525",1,67
"453",82044,"0:54:41",402,241,276,265,"Positive",0.64023155,"VO0068_VP11_F3_20150525",655,68
"454",82045,"0:54:41",548,223,173,161,"Negative",0.51149684,"VO0068_VP11_F3_20150525",1,68
"455",82047,"0:54:41",560,424,123,179,"Positive",0.77272695,"VO0068_VP11_F3_20150525",2,68
"456",82048,"0:54:41",647,517,128,220,"Negative",0.66994584,"VO0068_VP11_F3_20150525",1,68
"457",82049,"0:54:41",798,590,130,232,"Positive",0.5899021,"VO0068_VP11_F3_20150525",1,68
"458",83382,"0:55:35",848,465,255,223,"Positive",0.9978206,"VO0068_VP11_F3_20150525",1333,69
"459",83383,"0:55:35",709,457,246,211,"Positive",0.99369496,"VO0068_VP11_F3_20150525",1,69
"460",83384,"0:55:35",623,328,289,308,"Positive",0.99301344,"VO0068_VP11_F3_20150525",1,69
"461",83385,"0:55:35",564,380,193,229,"Positive",0.993767,"VO0068_VP11_F3_20150525",1,69
"462",83386,"0:55:35",498,293,221,334,"Positive",0.99492294,"VO0068_VP11_F3_20150525",1,69
"463",83387,"0:55:35",513,312,179,207,"Positive",0.999848,"VO0068_VP11_F3_20150525",1,69
"464",83388,"0:55:35",423,280,185,210,"Positive",0.67105216,"VO0068_VP11_F3_20150525",1,69
"465",83389,"0:55:35",447,242,211,237,"Positive",0.99710137,"VO0068_VP11_F3_20150525",1,69
"466",83390,"0:55:35",427,248,192,205,"Positive",0.5348915,"VO0068_VP11_F3_20150525",1,69
"467",83391,"0:55:35",393,252,245,135,"Negative",0.5089323,"VO0068_VP11_F3_20150525",1,69
"468",83801,"0:55:52",409,191,309,244,"Positive",0.58720505,"VO0068_VP11_F3_20150525",410,70
"469",83804,"0:55:52",517,487,89,121,"Positive",0.78257954,"VO0068_VP11_F3_20150525",3,70
"470",83805,"0:55:52",520,578,124,187,"Negative",0.8696344,"VO0068_VP11_F3_20150525",1,70
"471",84224,"0:56:08",0,121,599,400,"Negative",0.9138903,"VO0068_VP11_F3_20150525",419,71
"472",84225,"0:56:09",0,0,720,610,"Negative",0.86622465,"VO0068_VP11_F3_20150525",1,71
"473",84226,"0:56:09",0,0,720,928,"Positive",0.5674472,"VO0068_VP11_F3_20150525",1,71
"474",84302,"0:56:12",0,286,270,135,"Positive",0.9258988,"VO0068_VP11_F3_20150525",76,72
"475",84303,"0:56:12",11,260,282,210,"Positive",0.99683565,"VO0068_VP11_F3_20150525",1,72
"476",84305,"0:56:12",282,263,238,161,"Positive",0.74150187,"VO0068_VP11_F3_20150525",2,72
"477",84306,"0:56:12",361,252,261,150,"Negative",0.67451257,"VO0068_VP11_F3_20150525",1,72
"478",84307,"0:56:12",314,263,207,205,"Positive",0.94521403,"VO0068_VP11_F3_20150525",1,72
"479",84308,"0:56:12",407,273,143,140,"Positive",0.98655826,"VO0068_VP11_F3_20150525",1,72
"480",84309,"0:56:12",428,276,87,117,"Positive",0.97077256,"VO0068_VP11_F3_20150525",1,72
"481",84407,"0:56:16",417,277,176,106,"Positive",0.5143584,"VO0068_VP11_F3_20150525",98,73
"482",84408,"0:56:16",391,281,163,124,"Negative",0.670307,"VO0068_VP11_F3_20150525",1,73
"483",84409,"0:56:16",235,194,357,256,"Positive",0.5222973,"VO0068_VP11_F3_20150525",1,73
"484",84410,"0:56:16",179,211,138,300,"Positive",0.5657079,"VO0068_VP11_F3_20150525",1,73
"485",84411,"0:56:16",56,222,123,259,"Negative",0.74255276,"VO0068_VP11_F3_20150525",1,73
"486",86512,"0:57:40",989,340,380,239,"Negative",0.7301873,"VO0068_VP11_F3_20150525",2101,74
"487",86513,"0:57:40",792,401,246,192,"Positive",0.83048904,"VO0068_VP11_F3_20150525",1,74
"488",86514,"0:57:40",435,49,440,284,"Positive",0.85656846,"VO0068_VP11_F3_20150525",1,74
"489",86515,"0:57:40",389,41,268,230,"Negative",0.75148314,"VO0068_VP11_F3_20150525",1,74
"490",86516,"0:57:40",157,0,202,193,"Positive",0.998486,"VO0068_VP11_F3_20150525",1,74
"491",86813,"0:57:52",5,0,130,88,"Negative",0.5775738,"VO0068_VP11_F3_20150525",297,NA
"492",86972,"0:57:58",176,0,154,186,"Negative",0.6003058,"VO0068_VP11_F3_20150525",159,75
"493",86973,"0:57:58",221,84,121,187,"Negative",0.76303697,"VO0068_VP11_F3_20150525",1,75
"494",86974,"0:57:58",292,111,202,287,"Positive",0.54107195,"VO0068_VP11_F3_20150525",1,75
"495",86975,"0:57:59",294,69,460,322,"Negative",0.72284156,"VO0068_VP11_F3_20150525",1,75
"496",86976,"0:57:59",322,74,275,226,"Negative",0.53794926,"VO0068_VP11_F3_20150525",1,75
"497",87068,"0:58:02",0,241,172,176,"Positive",0.6496018,"VO0068_VP11_F3_20150525",92,76
"498",87069,"0:58:02",0,216,174,146,"Positive",0.987988,"VO0068_VP11_F3_20150525",1,76
"499",87070,"0:58:02",0,175,190,128,"Positive",0.6123334,"VO0068_VP11_F3_20150525",1,76
"500",87071,"0:58:02",21,191,127,147,"Positive",0.58451885,"VO0068_VP11_F3_20150525",1,76
"501",87072,"0:58:02",22,199,165,234,"Positive",0.99981576,"VO0068_VP11_F3_20150525",1,76
"502",87073,"0:58:02",92,188,194,238,"Positive",0.9985832,"VO0068_VP11_F3_20150525",1,76
"503",87074,"0:58:02",53,104,210,264,"Positive",0.97172517,"VO0068_VP11_F3_20150525",1,76
"504",87075,"0:58:03",123,127,273,134,"Positive",0.9998932,"VO0068_VP11_F3_20150525",1,76
"505",87076,"0:58:03",95,211,216,178,"Positive",0.8460152,"VO0068_VP11_F3_20150525",1,76
"506",87077,"0:58:03",178,245,176,161,"Positive",0.94138896,"VO0068_VP11_F3_20150525",1,76
"507",87079,"0:58:03",252,187,146,154,"Negative",0.57762975,"VO0068_VP11_F3_20150525",2,76
"508",87080,"0:58:03",128,139,263,198,"Positive",0.9679607,"VO0068_VP11_F3_20150525",1,76
"509",87081,"0:58:03",177,171,231,141,"Positive",0.9243182,"VO0068_VP11_F3_20150525",1,76
"510",87082,"0:58:03",210,268,136,143,"Positive",0.93434936,"VO0068_VP11_F3_20150525",1,76
"511",87083,"0:58:03",279,269,147,157,"Negative",0.56713724,"VO0068_VP11_F3_20150525",1,76
"512",87084,"0:58:03",294,253,280,251,"Negative",0.8411277,"VO0068_VP11_F3_20150525",1,76
"513",87085,"0:58:03",293,245,232,230,"Positive",0.9981073,"VO0068_VP11_F3_20150525",1,76
"514",87086,"0:58:03",403,276,191,111,"Positive",0.98804307,"VO0068_VP11_F3_20150525",1,76
"515",87087,"0:58:03",394,261,183,128,"Positive",0.9966724,"VO0068_VP11_F3_20150525",1,76
"516",87275,"0:58:11",350,138,325,306,"Positive",0.989769,"VO0068_VP11_F3_20150525",188,77
"517",87276,"0:58:11",442,193,201,127,"Negative",0.5073395,"VO0068_VP11_F3_20150525",1,77
"518",87277,"0:58:11",410,216,199,151,"Negative",0.68016195,"VO0068_VP11_F3_20150525",1,77
"519",87278,"0:58:11",452,128,190,189,"Positive",0.95800894,"VO0068_VP11_F3_20150525",1,77
"520",87279,"0:58:11",476,273,98,95,"Negative",0.7335477,"VO0068_VP11_F3_20150525",1,77
"521",87280,"0:58:11",357,366,176,338,"Negative",0.7168657,"VO0068_VP11_F3_20150525",1,77
"522",87281,"0:58:11",538,318,177,65,"Positive",0.96745,"VO0068_VP11_F3_20150525",1,77
"523",87385,"0:58:15",347,194,142,154,"Positive",0.93847287,"VO0068_VP11_F3_20150525",104,78
"524",87390,"0:58:15",252,188,183,189,"Positive",0.9834267,"VO0068_VP11_F3_20150525",5,78
"525",87391,"0:58:15",101,156,171,321,"Positive",0.63905746,"VO0068_VP11_F3_20150525",1,78
"526",87392,"0:58:15",0,47,157,431,"Positive",0.9550514,"VO0068_VP11_F3_20150525",1,78
"527",88709,"0:59:08",38,652,68,193,"Positive",0.81186193,"VO0068_VP11_F3_20150525",1317,79
"528",88710,"0:59:08",0,636,84,134,"Negative",0.7295823,"VO0068_VP11_F3_20150525",1,79
"529",88716,"0:59:08",0,405,143,145,"Negative",0.8509086,"VO0068_VP11_F3_20150525",6,79
"530",88719,"0:59:08",0,361,114,148,"Negative",0.7218229,"VO0068_VP11_F3_20150525",3,79
"531",88720,"0:59:08",16,348,144,221,"Negative",0.64289474,"VO0068_VP11_F3_20150525",1,79
"532",88721,"0:59:08",90,327,151,247,"Positive",0.73045963,"VO0068_VP11_F3_20150525",1,79
"533",88722,"0:59:08",214,288,255,236,"Positive",0.9837203,"VO0068_VP11_F3_20150525",1,79
"534",88723,"0:59:08",309,273,208,168,"Positive",0.97463655,"VO0068_VP11_F3_20150525",1,79
"535",88724,"0:59:08",384,276,241,154,"Positive",0.6713965,"VO0068_VP11_F3_20150525",1,79
"536",88725,"0:59:09",432,293,149,107,"Positive",0.702256,"VO0068_VP11_F3_20150525",1,79
"537",89421,"0:59:36",0,32,125,163,"Negative",0.90835553,"VO0068_VP11_F3_20150525",696,80
"538",89422,"0:59:36",15,68,166,172,"Positive",0.9994417,"VO0068_VP11_F3_20150525",1,80
"539",89423,"0:59:36",112,115,168,285,"Positive",0.999997,"VO0068_VP11_F3_20150525",1,80
"540",89425,"0:59:37",285,200,217,161,"Positive",0.84579957,"VO0068_VP11_F3_20150525",2,80
"541",89426,"0:59:37",380,241,214,146,"Positive",0.6161583,"VO0068_VP11_F3_20150525",1,80
"542",89427,"0:59:37",338,258,233,317,"Positive",0.94355184,"VO0068_VP11_F3_20150525",1,80
"543",89568,"0:59:42",470,110,205,129,"Positive",0.596304,"VO0068_VP11_F3_20150525",141,81
"544",89570,"0:59:42",464,277,141,125,"Negative",0.6686653,"VO0068_VP11_F3_20150525",2,81
"545",89572,"0:59:42",408,268,127,246,"Positive",0.8646804,"VO0068_VP11_F3_20150525",2,81
"546",89573,"0:59:42",557,274,171,263,"Positive",0.5764361,"VO0068_VP11_F3_20150525",1,81
"547",89575,"0:59:43",644,352,149,157,"Positive",0.59931916,"VO0068_VP11_F3_20150525",2,81
"548",89577,"0:59:43",858,389,192,195,"Positive",0.6547707,"VO0068_VP11_F3_20150525",2,81
"549",89578,"0:59:43",977,326,267,303,"Negative",0.56777066,"VO0068_VP11_F3_20150525",1,81
"550",89618,"0:59:44",409,294,111,118,"Positive",0.90683085,"VO0068_VP11_F3_20150525",40,NA
"551",90303,"1:00:12",471,140,323,181,"Negative",0.7212439,"VO0068_VP11_F3_20150525",685,82
"552",90305,"1:00:12",473,271,124,98,"Negative",0.75774145,"VO0068_VP11_F3_20150525",2,82
"553",90310,"1:00:12",784,381,158,131,"Negative",0.55370814,"VO0068_VP11_F3_20150525",5,82
"554",90311,"1:00:12",886,361,181,158,"Positive",0.78413874,"VO0068_VP11_F3_20150525",1,82
"555",94161,"1:02:46",159,297,210,114,"Positive",0.92027456,"VO0068_VP11_F3_20150525",3850,83
"556",94162,"1:02:46",135,233,273,280,"Positive",0.86716264,"VO0068_VP11_F3_20150525",1,83
"557",94163,"1:02:46",244,261,236,234,"Positive",0.9681834,"VO0068_VP11_F3_20150525",1,83
"558",94164,"1:02:46",340,272,204,185,"Positive",0.9760617,"VO0068_VP11_F3_20150525",1,83
"559",94165,"1:02:46",412,289,152,121,"Negative",0.7041319,"VO0068_VP11_F3_20150525",1,83
"560",94166,"1:02:46",444,280,114,111,"Positive",0.64141613,"VO0068_VP11_F3_20150525",1,83
"561",95033,"1:03:21",99,306,181,175,"Positive",0.879794,"VO0068_VP11_F3_20150525",867,84
"562",95034,"1:03:21",213,288,253,231,"Positive",0.99997354,"VO0068_VP11_F3_20150525",1,84
"563",95035,"1:03:21",297,272,250,216,"Positive",0.9578116,"VO0068_VP11_F3_20150525",1,84
"564",95036,"1:03:21",413,268,227,83,"Negative",0.84831315,"VO0068_VP11_F3_20150525",1,84
"565",95037,"1:03:21",454,260,165,70,"Positive",0.5372506,"VO0068_VP11_F3_20150525",1,84
"566",95245,"1:03:29",354,210,228,169,"Positive",0.99988854,"VO0068_VP11_F3_20150525",208,85
"567",95247,"1:03:29",174,44,344,244,"Positive",0.709034,"VO0068_VP11_F3_20150525",2,85
"568",95248,"1:03:29",131,42,189,183,"Positive",0.743279,"VO0068_VP11_F3_20150525",1,85
"569",95249,"1:03:29",348,66,306,309,"Positive",0.990871,"VO0068_VP11_F3_20150525",1,85
"570",95249,"1:03:29",80,135,113,126,"Negative",0.9443487,"VO0068_VP11_F3_20150525",0,85
"571",95251,"1:03:30",263,63,298,224,"Positive",0.9973857,"VO0068_VP11_F3_20150525",2,85
"572",95252,"1:03:30",199,64,190,209,"Positive",0.8426415,"VO0068_VP11_F3_20150525",1,85
"573",95253,"1:03:30",105,64,194,234,"Positive",0.8330838,"VO0068_VP11_F3_20150525",1,85
"574",95254,"1:03:30",21,68,213,195,"Negative",0.9477156,"VO0068_VP11_F3_20150525",1,85
"575",95557,"1:03:42",207,251,228,172,"Positive",0.99044865,"VO0068_VP11_F3_20150525",303,86
"576",95558,"1:03:42",225,219,249,213,"Positive",0.95581454,"VO0068_VP11_F3_20150525",1,86
"577",95559,"1:03:42",295,264,182,201,"Negative",0.68955606,"VO0068_VP11_F3_20150525",1,86
"578",95560,"1:03:42",404,272,224,117,"Positive",0.589728,"VO0068_VP11_F3_20150525",1,86
"579",95561,"1:03:42",439,262,214,100,"Positive",0.86498225,"VO0068_VP11_F3_20150525",1,86
"580",96091,"1:04:03",342,232,302,284,"Positive",0.97416085,"VO0068_VP11_F3_20150525",530,87
"581",96093,"1:04:03",174,61,375,218,"Positive",0.9911936,"VO0068_VP11_F3_20150525",2,87
"582",96094,"1:04:03",0,75,334,262,"Positive",0.9666498,"VO0068_VP11_F3_20150525",1,87
"583",96281,"1:04:11",716,106,614,564,"Negative",0.6973956,"VO0068_VP11_F3_20150525",187,NA
"584",97087,"1:04:43",475,0,203,575,"Negative",0.7452952,"VO0068_VP11_F3_20150525",806,NA
"585",97088,"1:04:43",523,335,385,552,"Negative",0.83514225,"VO0068_VP11_F3_20150525",1,NA
"586",99089,"1:06:03",0,284,267,331,"Negative",0.821625,"VO0068_VP11_F3_20150525",2001,NA
"587",99091,"1:06:03",0,554,166,626,"Negative",0.9338106,"VO0068_VP11_F3_20150525",2,NA
"588",99862,"1:06:34",766,328,291,199,"Negative",0.5510025,"VO0068_VP11_F3_20150525",771,88
"589",99863,"1:06:34",649,273,272,230,"Positive",0.9279721,"VO0068_VP11_F3_20150525",1,88
"590",99864,"1:06:34",477,305,239,191,"Positive",0.97892684,"VO0068_VP11_F3_20150525",1,88
"591",99865,"1:06:34",422,217,307,230,"Positive",0.99895716,"VO0068_VP11_F3_20150525",1,88
"592",99866,"1:06:34",387,284,216,232,"Positive",0.8897797,"VO0068_VP11_F3_20150525",1,88
"593",99867,"1:06:34",380,322,182,195,"Positive",0.9450169,"VO0068_VP11_F3_20150525",1,88
"594",99868,"1:06:34",344,228,269,309,"Positive",0.83203447,"VO0068_VP11_F3_20150525",1,88
"595",99869,"1:06:34",379,263,105,132,"Negative",0.94886416,"VO0068_VP11_F3_20150525",1,88
"596",99870,"1:06:34",348,244,178,306,"Positive",0.9931759,"VO0068_VP11_F3_20150525",1,88
"597",99871,"1:06:34",378,213,240,197,"Positive",0.9999887,"VO0068_VP11_F3_20150525",1,88
"598",100145,"1:06:45",444,191,137,84,"Positive",0.523126,"VO0068_VP11_F3_20150525",274,89
"599",100146,"1:06:45",411,281,147,102,"Positive",0.97668695,"VO0068_VP11_F3_20150525",1,89
"600",100147,"1:06:45",299,351,192,253,"Negative",0.80104965,"VO0068_VP11_F3_20150525",1,89
"601",100148,"1:06:45",227,357,148,367,"Positive",0.9491185,"VO0068_VP11_F3_20150525",1,89
"602",100149,"1:06:45",262,363,225,282,"Positive",0.9425697,"VO0068_VP11_F3_20150525",1,89
"603",100150,"1:06:46",362,523,148,116,"Positive",0.93392026,"VO0068_VP11_F3_20150525",1,89
"604",100464,"1:06:58",924,0,720,356,"Negative",0.5576455,"VO0068_VP11_F3_20150525",314,90
"605",100476,"1:06:59",0,101,619,1280,"Negative",0.8602756,"VO0068_VP11_F3_20150525",12,90
"606",100483,"1:06:59",501,0,720,554,"Negative",0.79955935,"VO0068_VP11_F3_20150525",7,90
"607",102994,"1:08:39",0,485,178,327,"Negative",0.85513645,"VO0068_VP11_F3_20150525",2511,91
"608",102995,"1:08:39",212,380,267,478,"Negative",0.8523882,"VO0068_VP11_F3_20150525",1,91
"609",102996,"1:08:39",509,360,270,441,"Positive",0.9999901,"VO0068_VP11_F3_20150525",1,91
"610",102997,"1:08:39",773,312,285,353,"Positive",0.5741623,"VO0068_VP11_F3_20150525",1,91
"611",102998,"1:08:39",952,363,187,305,"Positive",0.99480164,"VO0068_VP11_F3_20150525",1,91
"612",103890,"1:09:15",583,6,189,273,"Positive",0.8758387,"VO0068_VP11_F3_20150525",892,92
"613",103891,"1:09:15",445,74,188,211,"Positive",0.9986933,"VO0068_VP11_F3_20150525",1,92
"614",103892,"1:09:15",396,49,250,220,"Negative",0.8393199,"VO0068_VP11_F3_20150525",1,92
"615",103893,"1:09:15",348,63,229,158,"Positive",0.9999422,"VO0068_VP11_F3_20150525",1,92
"616",103894,"1:09:15",346,191,154,171,"Negative",0.86999136,"VO0068_VP11_F3_20150525",1,92
"617",103895,"1:09:15",356,197,157,195,"Positive",0.8000614,"VO0068_VP11_F3_20150525",1,92
"618",103896,"1:09:15",326,180,293,314,"Positive",0.9958008,"VO0068_VP11_F3_20150525",1,92
"619",103897,"1:09:15",456,273,114,107,"Negative",0.51993304,"VO0068_VP11_F3_20150525",1,92
"620",105199,"1:10:07",665,286,434,364,"Positive",0.9998524,"VO0068_VP11_F3_20150525",1302,93
"621",105200,"1:10:08",296,384,249,372,"Positive",0.9999467,"VO0068_VP11_F3_20150525",1,93
"622",105201,"1:10:08",0,30,543,306,"Positive",0.99999547,"VO0068_VP11_F3_20150525",1,93
"623",105265,"1:10:10",0,254,151,174,"Positive",0.8594593,"VO0068_VP11_F3_20150525",64,94
"624",105266,"1:10:10",13,273,232,306,"Positive",0.99638283,"VO0068_VP11_F3_20150525",1,94
"625",105267,"1:10:10",20,254,355,340,"Negative",0.78526336,"VO0068_VP11_F3_20150525",1,94
"626",105269,"1:10:10",219,288,415,151,"Positive",0.9516436,"VO0068_VP11_F3_20150525",2,94
"627",105270,"1:10:10",305,275,217,184,"Negative",0.59796983,"VO0068_VP11_F3_20150525",1,94
"628",105271,"1:10:10",342,249,280,231,"Positive",0.9151948,"VO0068_VP11_F3_20150525",1,94
"629",105272,"1:10:10",327,236,230,206,"Positive",0.9999863,"VO0068_VP11_F3_20150525",1,94
"630",105275,"1:10:11",406,257,200,132,"Negative",0.89527714,"VO0068_VP11_F3_20150525",3,94
"631",105478,"1:10:19",450,332,114,105,"Negative",0.9196106,"VO0068_VP11_F3_20150525",203,95
"632",105486,"1:10:19",353,210,170,272,"Positive",0.9878377,"VO0068_VP11_F3_20150525",8,95
"633",105487,"1:10:19",548,240,99,111,"Negative",0.7915341,"VO0068_VP11_F3_20150525",1,95
"634",105489,"1:10:19",457,128,128,157,"Negative",0.87318647,"VO0068_VP11_F3_20150525",2,95
"635",105491,"1:10:19",348,80,204,193,"Positive",0.9977442,"VO0068_VP11_F3_20150525",2,95
"636",105493,"1:10:19",392,63,211,172,"Positive",0.9970988,"VO0068_VP11_F3_20150525",2,95
"637",105494,"1:10:19",378,139,145,187,"Negative",0.89605427,"VO0068_VP11_F3_20150525",1,95
"638",105495,"1:10:19",345,197,146,117,"Positive",0.60842824,"VO0068_VP11_F3_20150525",1,95
"639",105496,"1:10:19",261,200,170,211,"Negative",0.73274386,"VO0068_VP11_F3_20150525",1,95
"640",105497,"1:10:19",171,221,170,252,"Positive",0.9933983,"VO0068_VP11_F3_20150525",1,95
"641",105498,"1:10:19",159,123,250,286,"Positive",0.99947184,"VO0068_VP11_F3_20150525",1,95
"642",105499,"1:10:19",249,137,220,184,"Positive",0.9983735,"VO0068_VP11_F3_20150525",1,95
"643",105500,"1:10:20",226,209,169,127,"Negative",0.81864095,"VO0068_VP11_F3_20150525",1,95
"644",105502,"1:10:20",103,241,171,200,"Positive",0.9152965,"VO0068_VP11_F3_20150525",2,95
"645",105503,"1:10:20",179,160,264,187,"Positive",0.8787651,"VO0068_VP11_F3_20150525",1,95
"646",105504,"1:10:20",157,248,196,147,"Negative",0.60069144,"VO0068_VP11_F3_20150525",1,95
"647",105505,"1:10:20",598,300,208,97,"Negative",0.99983394,"VO0068_VP11_F3_20150525",1,95
"648",105505,"1:10:20",158,280,160,288,"Positive",0.91775787,"VO0068_VP11_F3_20150525",0,95
"649",105507,"1:10:20",315,269,268,273,"Positive",0.64088273,"VO0068_VP11_F3_20150525",2,95
"650",105509,"1:10:20",540,576,112,159,"Negative",0.7602418,"VO0068_VP11_F3_20150525",2,95
"651",105509,"1:10:20",330,221,225,198,"Positive",0.996467,"VO0068_VP11_F3_20150525",0,95
"652",105511,"1:10:20",374,241,199,129,"Positive",0.9989513,"VO0068_VP11_F3_20150525",2,95
"653",106086,"1:10:43",856,609,111,88,"Positive",0.96530926,"VO0068_VP11_F3_20150525",575,NA
"654",112892,"1:15:15",1016,201,215,264,"Negative",0.86458737,"VO0068_VP11_F3_20150525",6806,96
"655",112893,"1:15:15",888,127,294,252,"Positive",0.9923948,"VO0068_VP11_F3_20150525",1,96
"656",112895,"1:15:15",646,132,264,275,"Negative",0.72632915,"VO0068_VP11_F3_20150525",2,96
"657",112896,"1:15:15",543,238,189,242,"Positive",0.78174865,"VO0068_VP11_F3_20150525",1,96
"658",112897,"1:15:15",470,221,209,305,"Positive",0.9887326,"VO0068_VP11_F3_20150525",1,96
"659",112898,"1:15:15",485,258,191,150,"Positive",0.7394321,"VO0068_VP11_F3_20150525",1,96
"660",112899,"1:15:15",416,254,189,196,"Positive",0.9965405,"VO0068_VP11_F3_20150525",1,96
"661",112901,"1:15:16",438,259,191,165,"Positive",0.50264335,"VO0068_VP11_F3_20150525",2,96
"662",112902,"1:15:16",359,220,122,155,"Positive",0.85412025,"VO0068_VP11_F3_20150525",1,96
"663",113150,"1:15:26",430,296,185,173,"Positive",0.5227248,"VO0068_VP11_F3_20150525",248,97
"664",113152,"1:15:26",538,338,122,184,"Negative",0.9027577,"VO0068_VP11_F3_20150525",2,97
"665",113153,"1:15:26",607,383,170,147,"Positive",0.6810604,"VO0068_VP11_F3_20150525",1,97
"666",113154,"1:15:26",742,495,125,128,"Positive",0.96145815,"VO0068_VP11_F3_20150525",1,97
"667",113155,"1:15:26",813,568,152,193,"Positive",0.9370558,"VO0068_VP11_F3_20150525",1,97
"668",114184,"1:16:07",0,471,249,724,"Positive",0.8977071,"VO0068_VP11_F3_20150525",1029,98
"669",114185,"1:16:07",361,407,265,244,"Positive",0.8516716,"VO0068_VP11_F3_20150525",1,98
"670",114186,"1:16:07",251,62,390,887,"Positive",0.9995303,"VO0068_VP11_F3_20150525",1,98
"671",114187,"1:16:07",690,4,297,290,"Positive",0.864857,"VO0068_VP11_F3_20150525",1,98
"672",114432,"1:16:17",915,309,411,365,"Positive",0.7861392,"VO0068_VP11_F3_20150525",245,99
"673",114433,"1:16:17",440,479,179,348,"Positive",0.99795866,"VO0068_VP11_F3_20150525",1,99
"674",114434,"1:16:17",0,180,537,272,"Positive",0.9978732,"VO0068_VP11_F3_20150525",1,99
"675",118279,"1:18:51",1064,96,330,216,"Positive",0.99924064,"VO0068_VP11_F3_20150525",3845,100
"676",118280,"1:18:51",920,184,282,295,"Negative",0.55503434,"VO0068_VP11_F3_20150525",1,100
"677",118281,"1:18:51",794,248,220,230,"Positive",0.8140612,"VO0068_VP11_F3_20150525",1,100
"678",118282,"1:18:51",617,243,208,216,"Negative",0.6201812,"VO0068_VP11_F3_20150525",1,100
"679",118283,"1:18:51",556,200,276,287,"Positive",0.99976116,"VO0068_VP11_F3_20150525",1,100
"680",118284,"1:18:51",583,232,235,224,"Positive",0.9994404,"VO0068_VP11_F3_20150525",1,100
"681",118285,"1:18:51",500,238,224,136,"Negative",0.77631164,"VO0068_VP11_F3_20150525",1,100
"682",118286,"1:18:51",467,246,213,110,"Negative",0.9491828,"VO0068_VP11_F3_20150525",1,100
"683",118287,"1:18:51",468,251,140,95,"Negative",0.9001658,"VO0068_VP11_F3_20150525",1,100
"684",118466,"1:18:58",466,186,168,175,"Negative",0.94152224,"VO0068_VP11_F3_20150525",179,101
"685",118467,"1:18:58",443,275,158,137,"Positive",0.9735931,"VO0068_VP11_F3_20150525",1,101
"686",118468,"1:18:58",510,239,174,156,"Positive",0.6562728,"VO0068_VP11_F3_20150525",1,101
"687",118469,"1:18:58",479,387,189,160,"Negative",0.9363798,"VO0068_VP11_F3_20150525",1,101
"688",118470,"1:18:58",577,416,178,158,"Positive",0.5600983,"VO0068_VP11_F3_20150525",1,101
"689",118471,"1:18:58",578,610,110,146,"Positive",0.88205236,"VO0068_VP11_F3_20150525",1,101
"690",121736,"1:21:09",395,295,199,175,"Positive",0.839234,"VO0068_VP11_F3_20150525",3265,102
"691",121737,"1:21:09",331,308,183,373,"Negative",0.90630484,"VO0068_VP11_F3_20150525",1,102
"692",121737,"1:21:09",405,388,53,179,"Negative",0.87174004,"VO0068_VP11_F3_20150525",0,102
"693",121738,"1:21:09",472,332,160,216,"Negative",0.6413879,"VO0068_VP11_F3_20150525",1,102
"694",121739,"1:21:09",512,472,126,94,"Negative",0.6516933,"VO0068_VP11_F3_20150525",1,102
"695",122014,"1:21:20",687,565,155,305,"Positive",0.98491955,"VO0068_VP11_F3_20150525",275,103
"696",122015,"1:21:20",626,470,232,331,"Positive",0.99032205,"VO0068_VP11_F3_20150525",1,103
"697",122016,"1:21:20",570,436,206,290,"Positive",0.99644357,"VO0068_VP11_F3_20150525",1,103
"698",122017,"1:21:20",503,361,210,325,"Positive",0.9980123,"VO0068_VP11_F3_20150525",1,103
"699",122018,"1:21:20",476,344,201,221,"Positive",0.9969324,"VO0068_VP11_F3_20150525",1,103
"700",122019,"1:21:20",409,291,197,165,"Positive",0.9506719,"VO0068_VP11_F3_20150525",1,103
"701",122020,"1:21:20",432,245,225,223,"Positive",0.7074083,"VO0068_VP11_F3_20150525",1,103
"702",122021,"1:21:20",401,248,193,166,"Positive",0.6916045,"VO0068_VP11_F3_20150525",1,103
"703",122022,"1:21:20",368,239,240,280,"Positive",0.9999852,"VO0068_VP11_F3_20150525",1,103
"704",122023,"1:21:20",485,272,131,121,"Negative",0.5848947,"VO0068_VP11_F3_20150525",1,103
"705",122289,"1:21:31",442,189,320,214,"Positive",0.9666322,"VO0068_VP11_F3_20150525",266,104
"706",122291,"1:21:31",400,346,189,154,"Positive",0.9992362,"VO0068_VP11_F3_20150525",2,104
"707",122292,"1:21:31",412,405,244,195,"Positive",0.6460345,"VO0068_VP11_F3_20150525",1,104
"708",122293,"1:21:31",528,471,239,197,"Negative",0.53972566,"VO0068_VP11_F3_20150525",1,104
"709",122294,"1:21:31",592,553,167,300,"Positive",0.94641936,"VO0068_VP11_F3_20150525",1,104
"710",122689,"1:21:47",1006,535,185,274,"Positive",0.9802669,"VO0068_VP11_F3_20150525",395,NA
"711",123158,"1:22:06",0,246,289,369,"Positive",0.7353473,"VO0068_VP11_F3_20150525",469,NA
"712",124826,"1:23:13",1015,0,97,265,"Negative",0.8436878,"VO0068_VP11_F3_20150525",1668,105
"713",124827,"1:23:13",842,0,220,341,"Positive",0.95366794,"VO0068_VP11_F3_20150525",1,105
"714",124828,"1:23:13",718,127,184,342,"Positive",0.95793366,"VO0068_VP11_F3_20150525",1,105
"715",124829,"1:23:13",641,193,203,285,"Positive",0.98069143,"VO0068_VP11_F3_20150525",1,105
"716",124830,"1:23:13",568,249,184,332,"Positive",0.8996844,"VO0068_VP11_F3_20150525",1,105
"717",124831,"1:23:13",529,220,234,326,"Positive",0.99801433,"VO0068_VP11_F3_20150525",1,105
"718",124832,"1:23:13",564,247,224,139,"Positive",0.99511117,"VO0068_VP11_F3_20150525",1,105
"719",124833,"1:23:13",489,247,212,225,"Positive",0.9838838,"VO0068_VP11_F3_20150525",1,105
"720",124834,"1:23:13",404,239,226,313,"Positive",0.9995765,"VO0068_VP11_F3_20150525",1,105
"721",124835,"1:23:13",479,243,219,88,"Negative",0.68823427,"VO0068_VP11_F3_20150525",1,105
"722",124836,"1:23:13",441,228,221,170,"Negative",0.716264,"VO0068_VP11_F3_20150525",1,105
"723",124837,"1:23:13",331,212,312,276,"Positive",0.999647,"VO0068_VP11_F3_20150525",1,105
"724",125237,"1:23:29",432,255,158,170,"Positive",0.6023487,"VO0068_VP11_F3_20150525",400,106
"725",125238,"1:23:29",335,275,107,356,"Positive",0.9348415,"VO0068_VP11_F3_20150525",1,106
"726",125239,"1:23:29",410,216,164,251,"Negative",0.82061505,"VO0068_VP11_F3_20150525",1,106
"727",125241,"1:23:29",424,435,108,232,"Positive",0.7721316,"VO0068_VP11_F3_20150525",2,106
"728",125242,"1:23:29",380,457,149,342,"Negative",0.75367564,"VO0068_VP11_F3_20150525",1,106
"729",127393,"1:24:55",1007,227,211,273,"Positive",0.68436134,"VO0068_VP11_F3_20150525",2151,107
"730",127394,"1:24:55",949,224,234,327,"Positive",0.7662552,"VO0068_VP11_F3_20150525",1,107
"731",127395,"1:24:55",879,226,228,241,"Positive",0.99071634,"VO0068_VP11_F3_20150525",1,107
"732",127396,"1:24:55",839,225,231,145,"Negative",0.9035768,"VO0068_VP11_F3_20150525",1,107
"733",127397,"1:24:55",612,191,266,292,"Positive",0.9995746,"VO0068_VP11_F3_20150525",1,107
"734",127398,"1:24:55",601,197,278,309,"Positive",0.9984054,"VO0068_VP11_F3_20150525",1,107
"735",127399,"1:24:55",621,228,240,216,"Positive",0.9996038,"VO0068_VP11_F3_20150525",1,107
"736",127401,"1:24:56",505,232,271,157,"Positive",0.95925695,"VO0068_VP11_F3_20150525",2,107
"737",127402,"1:24:56",494,259,222,108,"Positive",0.96611106,"VO0068_VP11_F3_20150525",1,107
"738",127885,"1:25:15",482,228,299,236,"Positive",0.99172056,"VO0068_VP11_F3_20150525",483,108
"739",127886,"1:25:15",467,281,168,188,"Negative",0.731196,"VO0068_VP11_F3_20150525",1,108
"740",127887,"1:25:15",445,431,90,223,"Negative",0.91516787,"VO0068_VP11_F3_20150525",1,108
"741",127888,"1:25:15",527,530,134,221,"Negative",0.6637187,"VO0068_VP11_F3_20150525",1,108
"742",127889,"1:25:15",671,632,88,194,"Negative",0.92693716,"VO0068_VP11_F3_20150525",1,108
"743",128909,"1:25:56",595,595,125,133,"Positive",0.99399996,"VO0068_VP11_F3_20150525",1020,109
"744",128910,"1:25:56",477,519,201,278,"Negative",0.8087255,"VO0068_VP11_F3_20150525",1,109
"745",128911,"1:25:56",412,471,249,312,"Positive",0.99995255,"VO0068_VP11_F3_20150525",1,109
"746",128912,"1:25:56",391,422,270,312,"Positive",0.9962709,"VO0068_VP11_F3_20150525",1,109
"747",128913,"1:25:56",359,438,205,281,"Positive",0.98835576,"VO0068_VP11_F3_20150525",1,109
"748",128914,"1:25:56",348,358,228,349,"Positive",0.9985253,"VO0068_VP11_F3_20150525",1,109
"749",128915,"1:25:56",411,363,157,236,"Negative",0.7085666,"VO0068_VP11_F3_20150525",1,109
"750",128916,"1:25:56",383,319,151,305,"Positive",0.999546,"VO0068_VP11_F3_20150525",1,109
"751",128917,"1:25:56",443,283,158,181,"Positive",0.9905709,"VO0068_VP11_F3_20150525",1,109
"752",128918,"1:25:56",403,260,129,264,"Negative",0.5311741,"VO0068_VP11_F3_20150525",1,109
"753",128919,"1:25:56",400,218,154,247,"Positive",0.9999988,"VO0068_VP11_F3_20150525",1,109
"754",128920,"1:25:56",453,242,128,159,"Positive",0.5871934,"VO0068_VP11_F3_20150525",1,109
"755",132175,"1:28:07",550,300,157,98,"Negative",0.56361204,"VO0068_VP11_F3_20150525",3255,110
"756",132176,"1:28:07",444,115,153,220,"Positive",0.79058766,"VO0068_VP11_F3_20150525",1,110
"757",132178,"1:28:07",441,302,93,133,"Positive",0.6893542,"VO0068_VP11_F3_20150525",2,110
"758",132179,"1:28:07",417,328,199,304,"Positive",0.87490433,"VO0068_VP11_F3_20150525",1,110
"759",132180,"1:28:07",498,329,184,330,"Negative",0.61931807,"VO0068_VP11_F3_20150525",1,110
"760",132181,"1:28:07",619,371,192,226,"Negative",0.54274154,"VO0068_VP11_F3_20150525",1,110
"761",132182,"1:28:07",651,539,100,207,"Negative",0.88561094,"VO0068_VP11_F3_20150525",1,110
"762",132478,"1:28:19",983,635,85,196,"Positive",0.98093194,"VO0068_VP11_F3_20150525",296,111
"763",132479,"1:28:19",822,598,122,216,"Positive",0.9756241,"VO0068_VP11_F3_20150525",1,111
"764",132480,"1:28:19",777,543,177,309,"Positive",0.95215315,"VO0068_VP11_F3_20150525",1,111
"765",132481,"1:28:19",715,497,210,180,"Positive",0.95820844,"VO0068_VP11_F3_20150525",1,111
"766",132482,"1:28:19",546,457,211,306,"Positive",0.967683,"VO0068_VP11_F3_20150525",1,111
"767",132483,"1:28:19",575,407,232,286,"Positive",0.999548,"VO0068_VP11_F3_20150525",1,111
"768",132484,"1:28:19",550,368,216,173,"Positive",0.5905589,"VO0068_VP11_F3_20150525",1,111
"769",132485,"1:28:19",457,323,223,186,"Negative",0.62272686,"VO0068_VP11_F3_20150525",1,111
"770",132486,"1:28:19",397,284,236,302,"Positive",0.9825258,"VO0068_VP11_F3_20150525",1,111
"771",132489,"1:28:19",502,207,229,147,"Positive",0.999879,"VO0068_VP11_F3_20150525",3,111
"772",132494,"1:28:19",383,282,205,225,"Positive",0.99705386,"VO0068_VP11_F3_20150525",5,111
"773",132495,"1:28:19",492,232,129,121,"Positive",0.9498388,"VO0068_VP11_F3_20150525",1,111
"774",133061,"1:28:42",444,415,78,202,"Negative",0.7478584,"VO0068_VP11_F3_20150525",566,NA
"775",134635,"1:29:45",525,661,59,160,"Negative",0.7852212,"VO0068_VP11_F3_20150525",1574,NA
"776",135091,"1:30:03",1120,152,245,160,"Negative",0.5831476,"VO0068_VP11_F3_20150525",456,NA
"777",135729,"1:30:29",332,458,262,122,"Negative",0.93496823,"VO0068_VP11_F3_20150525",638,112
"778",135732,"1:30:29",344,451,269,122,"Negative",0.93358433,"VO0068_VP11_F3_20150525",3,112
"779",135747,"1:30:29",352,206,511,356,"Negative",0.8321375,"VO0068_VP11_F3_20150525",15,112
"780",135763,"1:30:30",300,175,460,354,"Negative",0.9457993,"VO0068_VP11_F3_20150525",16,112
