RowRef,DVDRef,Filename
1,1,2004\40001LM18.xlsx
2,5147,2004\40001LM19.xlsx
3,2,2004\40002.xlsx
4,3,2004\40003.xlsx
5,4,2004\40004.xlsx
6,5,2004\40005.xlsx
7,6,2004\40006.xlsx
8,7,2004\40007.xlsx
9,8,2004\40008.xlsx
10,9,2004\40009.xlsx
11,10,2004\40010.xlsx
12,11,2004\40011.xlsx
13,12,2004\40012.xlsx
14,14,2004\40014.xlsx
15,15,2004\40015.xlsx
16,16,2004\40016.xlsx
17,17,2004\40017.xlsx
18,18,2004\40018.xlsx
19,19,2004\40019.xlsx
20,20,2004\40020.xlsx
21,21,2004\40021.xlsx
22,22,2004\40022.xlsx
23,23,2004\40023.xlsx
24,24,2004\40024.xlsx
25,25,2004\40025.xlsx
26,26,2004\40026.xlsx
27,27,2004\40027.xlsx
28,28,2004\40028.xlsx
29,29,2004\40029.xlsx
30,30,2004\40030.xlsx
31,31,2004\40031.xlsx
32,32,2004\40032.xlsx
34,33,2004\40033.xlsx
35,34,2004\40034.xlsx
36,35,2004\40035.xlsx
38,36,2004\40036D.xlsx
39,37,2004\40037.xlsx
40,38,2004\40038.xlsx
42,39,2004\40039D.xlsx
43,40,2004\40040.xlsx
44,41,2004\40041.xlsx
45,42,2004\40042.xlsx
46,43,2004\40043.xlsx
47,44,2004\40044.xlsx
48,45,2004\40045.xlsx
49,46,2004\40046.xlsx
50,47,2004\40047.xlsx
51,48,2004\40048.xlsx
52,49,2004\40049.xlsx
53,50,2004\40050.xlsx
54,51,2004\40051.xlsx
55,52,2004\40052.xlsx
56,53,2004\40053.xlsx
57,54,2004\40054.xlsx
58,55,2004\40055.xlsx
60,56,2004\40056.xlsx
61,57,2004\40057.xlsx
62,58,2004\40058.xlsx
63,59,2004\40059.xlsx
64,60,2004\40060.xlsx
65,61,2004\40061.xlsx
66,62,2004\40062.xlsx
67,63,2004\40063.xlsx
68,64,2004\40064.xlsx
69,65,2004\40065.xlsx
70,66,2004\40066.xlsx
71,67,2004\40067.xlsx
72,68,2004\40068.xlsx
73,69,2004\40069.xlsx
75,70,2004\40070.xlsx
76,71,2004\40071.xlsx
78,72,2004\40072.xlsx
79,73,2004\40073.xlsx
80,74,2004\40074.xlsx
82,75,2004\40075.xlsx
84,76,2004\40076.xlsx
85,77,2004\40077.xlsx
86,78,2004\40078.xlsx
87,79,2004\40079.xlsx
89,80,2004\40080.xlsx
90,81,2004\40081.xlsx
91,82,2004\40082.xlsx
92,83,2004\40083.xlsx
93,84,2004\40084.xlsx
94,85,2004\40085.xlsx
95,86,2004\40086.xlsx
96,87,2004\40087.xlsx
97,88,2004\40088.xlsx
98,89,2004\40089.xlsx
100,90,2004\40090.xlsx
101,91,2004\40091.xlsx
102,92,2004\40092.xlsx
103,93,2004\40093.xlsx
104,94,2004\40094.xlsx
105,95,2004\40095.xlsx
106,96,2004\40096.xlsx
107,97,2004\40097.xlsx
108,98,2004\40098.xlsx
109,99,2004\40099.xlsx
110,100,2004\40100.xlsx
111,101,2004\40101.xlsx
112,102,2004\40102.xlsx
113,103,2004\40103.xlsx
114,104,2004\40104.xlsx
115,105,2004\40105.xlsx
116,106,2004\40106.xlsx
117,107,2004\40107.xlsx
118,108,2004\40108.xlsx
119,109,2004\40109.xlsx
120,110,2004\40110.xlsx
121,111,2004\40111.xlsx
122,112,2004\40112.xlsx
123,113,2004\40113.xlsx
124,114,2004\40114.xlsx
125,115,2004\40115.xlsx
126,116,2004\40116.xlsx
127,117,2004\40117.xlsx
128,118,2004\40118.xlsx
129,119,2004\40119.xlsx
131,120,2004\40120.xlsx
132,121,2004\40121.xlsx
133,122,2004\40122.xlsx
134,123,2004\40123.xlsx
136,124,2004\40124.xlsx
137,125,2004\40125.xlsx
138,126,2004\40126.xlsx
139,127,2004\40127.xlsx
140,128,2004\40128.xlsx
141,129,2004\40129.xlsx
142,130,2004\40130.xlsx
143,131,2004\40131.xlsx
144,132,2004\40132.xlsx
145,133,2004\40133.xlsx
147,134,2004\40134.xlsx
148,135,2004\40135.xlsx
149,136,2004\40136.xlsx
150,137,2004\40137.xlsx
151,138,2004\40138.xlsx
152,139,2004\40139.xlsx
153,140,2004\40140.xlsx
154,141,2004\40141.xlsx
155,142,2004\40142.xlsx
156,143,2004\40143.xlsx
157,144,2004\40144.xlsx
158,145,2004\40145.xlsx
159,146,2004\40146.xlsx
160,147,2004\40147.xlsx
161,148,2004\40148.xlsx
162,149,2004\40149.xlsx
163,150,2004\40150.xlsx
164,151,2004\40151.xlsx
165,152,2004\40152.xlsx
166,153,2004\40153.xlsx
167,154,2004\40154.xlsx
168,155,2004\40155.xlsx
169,156,2004\40156.xlsx
170,157,2004\40157.xlsx
171,158,2004\40158.xlsx
172,159,2004\40159.xlsx
173,160,2004\40160.xlsx
174,161,2004\40161.xlsx
175,162,2004\40162.xlsx
176,163,2004\40163.xlsx
177,164,2004\40164.xlsx
178,165,2004\40165.xlsx
179,166,2004\40166.xlsx
180,167,2004\40167.xlsx
181,168,2004\40168.xlsx
182,169,2004\40169.xlsx
183,170,2004\40170.xlsx
184,171,2004\40171.xlsx
185,172,2004\40172.xlsx
186,173,2004\40173.xlsx
187,174,2004\40174.xlsx
188,175,2004\40175.xlsx
189,176,2004\40176.xlsx
190,177,2004\40177.xlsx
191,178,2004\40178.xlsx
192,179,2004\40179.xlsx
193,180,2004\40180.xlsx
194,181,2004\40181.xlsx
195,182,2004\40182.xlsx
196,183,2004\40183.xlsx
197,184,2004\40184.xlsx
198,185,2004\40185.xlsx
199,186,2004\40186.xlsx
200,187,2004\40187.xlsx
201,188,2004\40188.xlsx
202,189,2004\40189.xlsx
203,190,2004\40190.xlsx
204,191,2004\40191.xlsx
205,192,2004\40192.xlsx
206,193,2004\40193.xlsx
207,194,2004\40194.xlsx
209,196,2004\40196.xlsx
210,197,2004\40197.xlsx
211,198,2004\40198.xlsx
212,199,2004\40199.xlsx
213,200,2004\40200.xlsx
214,201,2004\40201.xlsx
215,202,2004\40202.xlsx
216,203,2004\40203.xlsx
217,204,2004\40204.xlsx
218,205,2004\40205.xlsx
219,206,2004\40206.xlsx
220,207,2004\40207.xlsx
221,208,2004\40208.xlsx
222,210,2004\40210.xlsx
223,211,2004\40211.xlsx
224,212,2004\40212.xlsx
225,213,2004\40213.xlsx
226,214,2004\40214.xlsx
227,215,2004\40215.xlsx
228,216,2004\40216.xlsx
229,217,2004\40217.xlsx
230,218,2004\40218.xlsx
231,219,2004\40219.xlsx
232,220,2004\40220.xlsx
233,221,2004\40221.xlsx
234,222,2004\40222.xlsx
235,223,2004\40223.xlsx
236,224,2004\40224.xlsx
237,225,2004\40225.xlsx
238,226,2004\40226.xlsx
239,227,2004\40227.xlsx
240,228,2004\40228.xlsx
241,229,2004\40229.xlsx
242,230,2004\40230.xlsx
243,231,2004\40231.xlsx
244,232,2004\40232.xlsx
245,233,2004\40233.xlsx
246,234,2004\40234.xlsx
247,235,2004\40235.xlsx
248,236,2004\40236.xlsx
249,237,2004\40237.xlsx
250,238,2004\40238.xlsx
251,239,2004\40239.xlsx
252,240,2004\40240.xlsx
253,241,2004\40241.xlsx
254,242,2004\40242.xlsx
255,243,2004\40243.xlsx
256,244,2004\40244.xlsx
257,245,2004\40245.xlsx
258,246,2004\40246.xlsx
259,247,2004\40247.xlsx
260,248,2004\40248.xlsx
261,249,2004\40249.xlsx
262,250,2004\40250.xlsx
263,251,2004\40251.xlsx
264,252,2004\40252.xlsx
265,253,2004\40253.xlsx
266,254,2004\40254.xlsx
267,255,2004\40255.xlsx
268,256,2004\40256.xlsx
269,257,2004\40257.xlsx
270,258,2004\40258.xlsx
271,259,2004\40259.xlsx
272,260,2004\40260.xlsx
273,261,2004\40261.xlsx
274,262,2004\40262.xlsx
275,263,2004\40263.xlsx
276,264,2004\40264.xlsx
277,265,2004\40265.xlsx
278,266,2004\40266.xlsx
279,267,2004\40267.xlsx
280,268,2004\40268.xlsx
281,269,2004\40269.xlsx
282,270,2004\40270.xlsx
283,271,2004\40271.xlsx
284,272,2004\40272.xlsx
285,273,2004\40273.xlsx
286,274,2004\40274.xlsx
287,275,2004\40275.xlsx
288,276,2004\40276.xlsx
289,277,2004\40277.xlsx
290,278,2004\40278.xlsx
291,279,2004\40279.xlsx
292,280,2004\40280.xlsx
293,281,2004\40281.xlsx
294,283,2004\40283.xlsx
295,284,2004\40284.xlsx
296,285,2004\40285.xlsx
297,286,2004\40286.xlsx
298,287,2004\40287.xlsx
299,288,2004\40288.xlsx
300,289,2004\40289.xlsx
301,290,2004\40290.xlsx
302,291,2004\40291.xlsx
303,292,2004\40292.xlsx
304,293,2004\40293.xlsx
305,294,2004\40294.xlsx
306,295,2004\40295.xlsx
307,296,2004\40296.xlsx
308,297,2004\40297.xlsx
309,298,2004\40298.xlsx
310,299,2004\40299.xlsx
311,300,2004\40300.xlsx
312,301,2004\40301.xlsx
313,302,2004\40302.xlsx
314,303,2004\40303.xlsx
315,304,2004\40304.xlsx
316,305,2004\40305.xlsx
317,306,2004\40306.xlsx
318,307,2004\40307.xlsx
319,308,2004\40308.xlsx
320,309,2004\40309.xlsx
321,310,2004\40310.xlsx
322,311,2004\40311.xlsx
323,312,2004\40312.xlsx
324,313,2004\40313.xlsx
325,314,2004\40314.xlsx
326,315,2004\40315.xlsx
327,316,2004\40316.xlsx
328,317,2004\40317.xlsx
329,318,2004\40318.xlsx
330,319,2004\40319.xlsx
331,320,2004\40320.xlsx
332,321,2004\40321.xlsx
333,322,2004\40322.xlsx
334,323,2004\40323.xlsx
335,324,2004\40324.xlsx
336,325,2004\40325.xlsx
337,326,2004\40326.xlsx
338,327,2004\40327.xlsx
339,328,2004\40328.xlsx
340,329,2004\40329.xlsx
341,330,2004\40330.xlsx
342,331,2004\40331.xlsx
343,332,2004\40332.xlsx
344,333,2004\40333.xlsx
345,334,2004\40334.xlsx
346,335,2004\40335.xlsx
347,336,2004\40336.xlsx
348,338,2004\40338.xlsx
349,339,2004\40339.xlsx
350,340,2004\40340.xlsx
351,341,2004\40341.xlsx
352,342,2004\40342.xlsx
353,343,2004\40343.xlsx
354,344,2004\40344.xlsx
355,345,2004\40345.xlsx
356,346,2004\40346.xlsx
357,347,2004\40347.xlsx
358,348,2004\40348.xlsx
359,349,2004\40349.xlsx
360,350,2004\40350.xlsx
361,351,2004\40351.xlsx
362,352,2004\40352.xlsx
363,353,2004\40353.xlsx
364,354,2004\40354.xlsx
365,355,2004\40355.xlsx
366,356,2004\40356.xlsx
367,357,2004\40357.xlsx
368,358,2004\40358.xlsx
369,359,2004\40359.xlsx
370,360,2004\40360.xlsx
371,361,2004\40361.xlsx
372,362,2004\40362.xlsx
373,363,2004\40363.xlsx
374,364,2004\40364.xlsx
375,365,2004\40365.xlsx
376,366,2004\40366.xlsx
377,367,2004\40367.xlsx
378,368,2004\40368.xlsx
379,369,2004\40369.xlsx
380,370,2004\40370.xlsx
381,371,2004\40371.xlsx
382,372,2004\40372.xlsx
383,373,2004\40373.xlsx
384,374,2004\40374.xlsx
385,375,2004\40375.xlsx
386,376,2004\40376.xlsx
387,377,2004\40377.xlsx
388,378,2004\40378.xlsx
389,379,2004\40379.xlsx
390,380,2004\40380.xlsx
391,381,2004\40381.xlsx
392,382,2004\40382.xlsx
393,383,2004\40383.xlsx
394,384,2004\40384.xlsx
395,385,2004\40385.xlsx
396,386,2004\40386.xlsx
397,387,2004\40387.xlsx
398,388,2004\40388.xlsx
399,389,2004\40389.xlsx
400,390,2004\40390.xlsx
401,391,2004\40391.xlsx
402,392,2004\40392.xlsx
403,393,2004\40393.xlsx
404,394,2004\40394.xlsx
405,395,2004\40395.xlsx
406,396,2004\40396.xlsx
407,397,2004\40397.xlsx
408,398,2004\40398.xlsx
409,399,2004\40399.xlsx
410,400,2004\40400.xlsx
411,401,2004\40401.xlsx
412,402,2004\40402.xlsx
413,403,2004\40403.xlsx
414,404,2004\40404.xlsx
415,405,2004\40405.xlsx
416,406,2004\40406.xlsx
417,407,2004\40407.xlsx
418,408,2004\40408.xlsx
419,409,2004\40409.xlsx
420,410,2004\40410.xlsx
421,411,2004\40411.xlsx
422,412,2004\40412.xlsx
423,413,2004\40413.xlsx
424,414,2004\40414.xlsx
425,415,2004\40415.xlsx
426,416,2004\40416.xlsx
427,417,2004\40417.xlsx
428,418,2004\40418.xlsx
429,419,2004\40419.xlsx
430,420,2004\40420.xlsx
431,421,2004\40421.xlsx
432,422,2004\40422.xlsx
433,423,2004\40423.xlsx
434,424,2004\40424.xlsx
435,425,2004\40425.xlsx
436,426,2004\40426.xlsx
437,427,2004\40427.xlsx
438,428,2004\40428.xlsx
439,429,2004\40429.xlsx
440,430,2004\40430.xlsx
441,431,2004\40431.xlsx
442,432,2004\40432.xlsx
443,433,2004\40433.xlsx
444,434,2004\40434.xlsx
445,435,2004\40435.xlsx
446,436,2004\40436.xlsx
447,437,2004\40437.xlsx
448,438,2004\40438.xlsx
449,439,2004\40439.xlsx
450,440,2004\40440.xlsx
451,441,2004\40441.xlsx
452,442,2004\40442.xlsx
453,443,2004\40443.xlsx
454,444,2004\40444.xlsx
455,445,2004\40445.xlsx
456,446,2004\40446.xlsx
457,447,2004\40447.xlsx
458,448,2004\40448.xlsx
459,449,2004\40449.xlsx
460,450,2004\40450.xlsx
461,451,2004\40451.xlsx
462,452,2004\40452.xlsx
463,453,2004\40453.xlsx
464,454,2004\40454.xlsx
465,456,2004\40456.xlsx
466,457,2004\40457.xlsx
467,458,2004\40458.xlsx
468,459,2004\40459.xlsx
469,460,2004\40460.xlsx
470,461,2004\40461.xlsx
471,462,2004\40462.xlsx
472,463,2004\40463.xlsx
473,464,2004\40464.xlsx
474,465,2004\40465.xlsx
475,466,2004\40466.xlsx
476,467,2004\40467.xlsx
477,468,2004\40468.xlsx
478,469,2004\40469.xlsx
479,470,2004\40470.xlsx
480,471,2004\40471.xlsx
481,472,2004\40472.xlsx
482,473,2004\40473.xlsx
483,474,2004\40474.xlsx
484,475,2004\40475.xlsx
485,476,2004\40476.xlsx
486,477,2004\40477.xlsx
487,478,2004\40478.xlsx
488,479,2004\40479.xlsx
489,480,2004\40480.xlsx
490,481,2004\40481.xlsx
491,482,2004\40482.xlsx
492,483,2004\40483.xlsx
493,484,2004\40484.xlsx
494,485,2004\40485.xlsx
495,486,2004\40486.xlsx
496,487,2004\40487.xlsx
497,488,2004\40488.xlsx
498,489,2004\40489.xlsx
499,490,2004\40490.xlsx
500,491,2004\40491.xlsx
501,492,2004\40492.xlsx
502,493,2004\40493.xlsx
503,494,2004\40494.xlsx
504,495,2004\40495.xlsx
505,496,2004\40496.xlsx
506,497,2004\40497.xlsx
507,498,2004\40498.xlsx
508,499,2004\40499.xlsx
509,500,2004\40500.xlsx
510,501,2004\40501.xlsx
511,502,2004\40502.xlsx
512,503,2004\40503.xlsx
513,504,2004\40504.xlsx
514,505,2004\40505.xlsx
515,506,2004\40506.xlsx
516,507,2004\40507.xlsx
517,508,2004\40508.xlsx
518,509,2004\40509.xlsx
519,510,2004\40510.xlsx
520,511,2004\40511.xlsx
521,512,2004\40512.xlsx
522,513,2004\40513.xlsx
523,514,2004\40514.xlsx
524,515,2004\40515.xlsx
525,516,2004\40516.xlsx
526,517,2004\40517.xlsx
527,518,2004\40518.xlsx
528,519,2004\40519.xlsx
529,520,2004\40520.xlsx
530,521,2004\40521.xlsx
531,522,2004\40522.xlsx
532,523,2004\40523.xlsx
533,524,2004\40524.xlsx
534,525,2004\40525.xlsx
535,526,2004\40526.xlsx
536,527,2004\40527.xlsx
537,528,2004\40528.xlsx
538,529,2004\40529.xlsx
539,530,2004\40530.xlsx
540,531,2004\40531.xlsx
541,532,2004\40532.xlsx
542,533,2004\40533.xlsx
543,534,2004\40534.xlsx
544,535,2004\40535.xlsx
545,536,2004\40536.xlsx
546,537,2004\40537.xlsx
547,538,2004\40538.xlsx
548,539,2004\40539.xlsx
549,540,2004\40540.xlsx
550,541,2004\40541.xlsx
551,542,2004\40542.xlsx
552,543,2004\40543.xlsx
553,544,2004\40544.xlsx
554,545,2004\40545.xlsx
555,546,2004\40546.xlsx
556,547,2004\40547.xlsx
557,548,2004\40548.xlsx
558,549,2004\40549.xlsx
559,550,2004\40550.xlsx
560,551,2004\40551.xlsx
561,552,2004\40552.xlsx
562,553,2004\40553.xlsx
563,554,2004\40554.xlsx
564,555,2004\40555.xlsx
565,556,2004\40556.xlsx
566,557,2004\40557.xlsx
567,558,2004\40558.xlsx
568,559,2005\50001.xlsx
569,560,2005\50002.xlsx
570,561,2005\50003.xlsx
571,562,2005\50004.xlsx
572,563,2005\50005.xlsx
573,564,2005\50006.xlsx
574,565,2005\50007.xlsx
575,566,2005\50008.xlsx
576,567,2005\50009.xlsx
577,568,2005\50010.xlsx
578,569,2005\50011.xlsx
579,570,2005\50012.xlsx
580,571,2005\50013.xlsx
581,572,2005\50014.xlsx
582,573,2005\50015.xlsx
583,574,2005\50016.xlsx
584,575,2005\50017.xlsx
585,576,2005\50018.xlsx
586,577,2005\50019.xlsx
587,578,2005\50020.xlsx
588,579,2005\50021.xlsx
589,580,2005\50022.xlsx
590,581,2005\50023.xlsx
591,582,2005\50024.xlsx
592,583,2005\50025.xlsx
593,584,2005\50026.xlsx
594,585,2005\50027.xlsx
595,586,2005\50028.xlsx
596,587,2005\50029.xlsx
597,588,2005\50030.xlsx
598,589,2005\50031.xlsx
599,590,2005\50032.xlsx
600,591,2005\50033.xlsx
601,592,2005\50034.xlsx
602,593,2005\50035.xlsx
603,594,2005\50036.xlsx
604,595,2005\50037.xlsx
605,596,2005\50038.xlsx
606,597,2005\50039.xlsx
607,598,2005\50040.xlsx
608,599,2005\50041.xlsx
609,600,2005\50042.xlsx
610,601,2005\50043.xlsx
611,602,2005\50044.xlsx
612,603,2005\50045.xlsx
613,604,2005\50046.xlsx
614,605,2005\50047.xlsx
615,606,2005\50048.xlsx
616,607,2005\50049.xlsx
617,608,2005\50050.xlsx
618,609,2005\50051.xlsx
619,610,2005\50052.xlsx
620,611,2005\50053.xlsx
621,612,2005\50054.xlsx
622,613,2005\50055.xlsx
623,614,2005\50056.xlsx
624,615,2005\50057.xlsx
625,616,2005\50058.xlsx
626,617,2005\50059.xlsx
627,618,2005\50060.xlsx
628,619,2005\50061.xlsx
629,620,2005\50062.xlsx
630,621,2005\50063.xlsx
631,622,2005\50064.xlsx
632,623,2005\50065.xlsx
633,624,2005\50066.xlsx
634,625,2005\50067.xlsx
635,626,2005\50068.xlsx
636,627,2005\50069.xlsx
637,628,2005\50070.xlsx
638,629,2005\50071.xlsx
639,630,2005\50072.xlsx
640,631,2005\50073.xlsx
641,632,2005\50074.xlsx
642,633,2005\50075.xlsx
643,634,2005\50076.xlsx
644,635,2005\50077.xlsx
645,636,2005\50078.xlsx
646,637,2005\50079.xlsx
647,638,2005\50080.xlsx
648,639,2005\50081.xlsx
649,640,2005\50082.xlsx
650,641,2005\50083.xlsx
651,642,2005\50084.xlsx
652,644,2005\50086.xlsx
653,645,2005\50087.xlsx
654,646,2005\50088.xlsx
655,647,2005\50089.xlsx
656,648,2005\50090.xlsx
657,649,2005\50091.xlsx
658,650,2005\50092.xlsx
659,651,2005\50093.xlsx
660,652,2005\50094.xlsx
661,653,2005\50095.xlsx
662,654,2005\50096.xlsx
663,655,2005\50097.xlsx
664,656,2005\50098.xlsx
665,657,2005\50099.xlsx
666,659,2005\50101.xlsx
667,660,2005\50102.xlsx
668,661,2005\50103.xlsx
669,662,2005\50104.xlsx
670,663,2005\50105.xlsx
671,664,2005\50106.xlsx
672,665,2005\50107.xlsx
673,666,2005\50108.xlsx
674,667,2005\50109.xlsx
675,668,2005\50110.xlsx
676,669,2005\50111.xlsx
677,670,2005\50112.xlsx
678,671,2005\50113.xlsx
679,672,2005\50114.xlsx
680,673,2005\50115.xlsx
681,674,2005\50116.xlsx
682,675,2005\50117.xlsx
683,676,2005\50118.xlsx
684,677,2005\50119.xlsx
685,678,2005\50120.xlsx
686,679,2005\50121.xlsx
687,680,2005\50122.xlsx
688,681,2005\50123.xlsx
689,682,2005\50124.xlsx
690,683,2005\50125.xlsx
691,684,2005\50126.xlsx
692,685,2005\50127.xlsx
693,686,2005\50128.xlsx
694,687,2005\50129.xlsx
695,688,2005\50130.xlsx
696,689,2005\50131.xlsx
697,690,2005\50132.xlsx
698,691,2005\50133.xlsx
699,692,2005\50134.xlsx
700,693,2005\50135.xlsx
701,694,2005\50136.xlsx
702,695,2005\50137.xlsx
703,696,2005\50138.xlsx
704,697,2005\50139.xlsx
705,698,2005\50140.xlsx
706,699,2005\50141.xlsx
707,700,2005\50142.xlsx
708,701,2005\50143.xlsx
709,702,2005\50144.xlsx
710,703,2005\50145.xlsx
711,704,2005\50146.xlsx
712,705,2005\50147.xlsx
713,706,2005\50148.xlsx
714,707,2005\50149.xlsx
715,708,2005\50150.xlsx
716,709,2005\50151.xlsx
717,710,2005\50152.xlsx
718,711,2005\50153.xlsx
719,712,2005\50154.xlsx
720,713,2005\50155.xlsx
721,714,2005\50156.xlsx
722,715,2005\50157.xlsx
723,716,2005\50158.xlsx
724,717,2005\50159.xlsx
725,718,2005\50160.xlsx
726,719,2005\50161.xlsx
727,720,2005\50162.xlsx
728,721,2005\50163.xlsx
729,722,2005\50164.xlsx
730,723,2005\50165.xlsx
731,724,2005\50166.xlsx
732,725,2005\50167.xlsx
733,726,2005\50168.xlsx
734,727,2005\50169.xlsx
735,728,2005\50170.xlsx
736,729,2005\50171.xlsx
737,730,2005\50172.xlsx
738,731,2005\50173.xlsx
739,732,2005\50174.xlsx
740,733,2005\50175.xlsx
741,734,2005\50176.xlsx
742,735,2005\50177.xlsx
743,736,2005\50178.xlsx
744,737,2005\50179.xlsx
745,738,2005\50180.xlsx
746,739,2005\50181.xlsx
747,740,2005\50182.xlsx
748,741,2005\50183.xlsx
749,742,2005\50184.xlsx
750,743,2005\50185.xlsx
751,745,2005\50187.xlsx
752,746,2005\50188.xlsx
753,747,2005\50189.xlsx
754,748,2005\50190.xlsx
755,749,2005\50191.xlsx
756,750,2005\50192.xlsx
757,751,2005\50193.xlsx
758,752,2005\50194.xlsx
759,753,2005\50195.xlsx
760,754,2005\50196.xlsx
761,755,2005\50197.xlsx
762,756,2005\50198.xlsx
763,757,2005\50199.xlsx
764,758,2005\50200.xlsx
765,759,2005\50201.xlsx
766,760,2005\50202.xlsx
767,761,2005\50203.xlsx
768,762,2005\50204.xlsx
769,763,2005\50205.xlsx
770,764,2005\50206.xlsx
771,765,2005\50207.xlsx
772,766,2005\50208.xlsx
773,767,2005\50209.xlsx
774,768,2005\50210.xlsx
775,769,2005\50211.xlsx
776,770,2005\50212.xlsx
777,771,2005\50213.xlsx
778,772,2005\50214.xlsx
779,773,2005\50215.xlsx
780,774,2005\50216.xlsx
781,775,2005\50217.xlsx
782,777,2005\50219.xlsx
783,779,2005\50221.xlsx
784,780,2005\50222.xlsx
785,781,2005\50223.xlsx
786,782,2005\50224.xlsx
787,783,2005\50225.xlsx
788,784,2005\50226.xlsx
789,785,2005\50227.xlsx
790,786,2005\50228.xlsx
791,787,2005\50229.xlsx
792,788,2005\50230.xlsx
793,789,2005\50231.xlsx
794,790,2005\50232.xlsx
795,791,2005\50233.xlsx
796,792,2005\50234.xlsx
797,793,2005\50235.xlsx
798,794,2005\50236.xlsx
799,795,2005\50237.xlsx
800,796,2005\50238.xlsx
801,797,2005\50239.xlsx
802,798,2005\50240.xlsx
803,799,2005\50241.xlsx
804,800,2005\50242.xlsx
805,801,2005\50243.xlsx
806,802,2005\50244.xlsx
807,803,2005\50245.xlsx
808,804,2005\50246.xlsx
809,805,2005\50247.xlsx
810,806,2005\50248.xlsx
811,807,2005\50249.xlsx
812,808,2005\50250.xlsx
813,809,2005\50251.xlsx
814,810,2005\50252.xlsx
815,811,2005\50253.xlsx
816,812,2005\50254.xlsx
817,813,2005\50255.xlsx
818,814,2005\50256.xlsx
819,815,2005\50257.xlsx
820,816,2005\50258.xlsx
821,817,2005\50259.xlsx
822,818,2005\50260.xlsx
823,819,2005\50261.xlsx
824,820,2005\50262.xlsx
825,821,2005\50263.xlsx
826,822,2005\50264.xlsx
827,823,2005\50265.xlsx
828,824,2005\50266.xlsx
829,825,2005\50267.xlsx
830,826,2005\50268.xlsx
831,827,2005\50269.xlsx
832,828,2005\50270.xlsx
833,829,2005\50271.xlsx
834,830,2005\50272.xlsx
835,831,2005\50273.xlsx
836,832,2005\50274.xlsx
837,833,2005\50275.xlsx
838,834,2005\50276.xlsx
839,835,2005\50277.xlsx
840,836,2005\50278.xlsx
841,837,2005\50279.xlsx
842,838,2005\50280.xlsx
843,839,2005\50281.xlsx
844,840,2005\50282.xlsx
845,841,2005\50283.xlsx
846,842,2005\50284.xlsx
847,843,2005\50285.xlsx
848,844,2005\50286.xlsx
849,845,2005\50287.xlsx
850,846,2005\50288.xlsx
851,847,2005\50289.xlsx
852,848,2005\50290.xlsx
853,849,2005\50291.xlsx
854,850,2005\50292.xlsx
855,851,2005\50293.xlsx
856,852,2005\50294.xlsx
857,853,2005\50295.xlsx
858,854,2005\50296.xlsx
859,855,2005\50297.xlsx
860,856,2005\50298.xlsx
861,859,2005\50301.xlsx
862,860,2005\50302.xlsx
863,861,2005\50303.xlsx
864,862,2005\50304.xlsx
865,863,2005\50305.xlsx
866,864,2005\50306.xlsx
867,865,2005\50307.xlsx
868,866,2005\50308.xlsx
869,867,2005\50309.xlsx
870,868,2005\50310.xlsx
871,869,2005\50311.xlsx
872,870,2005\50312.xlsx
873,871,2005\50313.xlsx
874,872,2005\50314.xlsx
875,873,2005\50315.xlsx
876,874,2005\50316.xlsx
877,875,2005\50317.xlsx
878,876,2005\50318.xlsx
879,877,2005\50319.xlsx
880,878,2005\50320.xlsx
881,879,2005\50321.xlsx
882,882,2005\50324.xlsx
883,883,2005\50325.xlsx
884,884,2005\50326.xlsx
885,885,2005\50327.xlsx
886,886,2005\50328.xlsx
887,887,2005\50329.xlsx
888,888,2005\50330.xlsx
889,889,2005\50331.xlsx
890,891,2005\50333.xlsx
891,892,2005\50334.xlsx
892,893,2005\50335.xlsx
893,894,2005\50336.xlsx
894,895,2005\50337.xlsx
895,896,2005\50338.xlsx
896,897,2005\50339.xlsx
897,898,2005\50340.xlsx
898,899,2005\50341.xlsx
899,900,2005\50342.xlsx
900,901,2005\50343.xlsx
901,902,2005\50344.xlsx
902,903,2005\50345.xlsx
903,904,2005\50346.xlsx
904,905,2005\50347.xlsx
905,906,2005\50348.xlsx
906,907,2005\50349.xlsx
907,908,2005\50350.xlsx
908,909,2005\50351.xlsx
909,910,2005\50352.xlsx
910,911,2005\50353.xlsx
911,912,2005\50354.xlsx
912,913,2005\50355.xlsx
913,914,2005\50356.xlsx
914,915,2005\50357.xlsx
915,916,2005\50358.xlsx
916,917,2005\50359.xlsx
917,918,2005\50360.xlsx
918,919,2005\50361.xlsx
919,920,2005\50362.xlsx
920,921,2005\50363.xlsx
921,922,2005\50364.xlsx
922,923,2005\50365.xlsx
923,924,2005\50366.xlsx
924,925,2005\50367.xlsx
926,926,2005\50368.xlsx
927,927,2005\50369.xlsx
929,928,2005\50370.xlsx
930,929,2005\50371.xlsx
931,930,2005\50372.xlsx
932,932,2005\50374.xlsx
933,933,2005\50375.xlsx
934,934,2005\50376.xlsx
935,935,2005\50377.xlsx
936,936,2005\50378.xlsx
937,937,2005\50379.xlsx
938,938,2005\50380.xlsx
939,939,2005\50381.xlsx
940,940,2005\50382.xlsx
941,941,2005\50383.xlsx
942,942,2005\50384.xlsx
943,943,2005\50385.xlsx
944,944,2005\50386.xlsx
945,945,2005\50387.xlsx
946,946,2005\50388.xlsx
947,947,2005\50389.xlsx
948,948,2005\50390.xlsx
949,949,2005\50391.xlsx
950,950,2005\50392.xlsx
951,951,2005\50393.xlsx
952,952,2005\50394.xlsx
953,953,2005\50395.xlsx
954,954,2005\50396.xlsx
955,955,2005\50397.xlsx
956,956,2005\50398.xlsx
957,957,2005\50399.xlsx
958,958,2005\50400.xlsx
959,959,2005\50401.xlsx
960,960,2005\50402.xlsx
961,961,2005\50403.xlsx
962,962,2005\50404.xlsx
963,963,2005\50405.xlsx
964,964,2005\50406.xlsx
965,965,2005\50407.xlsx
967,966,2005\50408.xlsx
968,967,2005\50409.xlsx
969,968,2005\50410.xlsx
970,969,2005\50411.xlsx
971,970,2005\50412.xlsx
972,971,2005\50413.xlsx
973,972,2005\50414.xlsx
974,973,2005\50415.xlsx
975,974,2005\50416.xlsx
976,975,2005\50417.xlsx
977,976,2005\50418.xlsx
978,977,2005\50419.xlsx
979,978,2005\50420.xlsx
980,979,2005\50421.xlsx
981,980,2005\50422.xlsx
982,981,2005\50423.xlsx
983,982,2005\50424.xlsx
984,983,2005\50425.xlsx
985,984,2005\50426.xlsx
986,985,2005\50427.xlsx
987,986,2005\50428.xlsx
988,987,2005\50429.xlsx
989,988,2005\50430.xlsx
990,989,2005\50431.xlsx
991,990,2005\50432.xlsx
992,991,2005\50433.xlsx
993,992,2005\50434.xlsx
994,993,2005\50435.xlsx
995,994,2005\50436.xlsx
996,995,2005\50437.xlsx
997,996,2005\50438.xlsx
998,997,2005\50439.xlsx
999,998,2005\50440.xlsx
1000,999,2005\50441.xlsx
1001,1000,2005\50442.xlsx
1002,1001,2005\50443.xlsx
1003,1002,2005\50444.xlsx
1004,1003,2005\50445.xlsx
1005,1004,2005\50446.xlsx
1006,1007,2005\50449.xlsx
1007,1008,2005\50450.xlsx
1008,1009,2005\50451.xlsx
1009,1010,2005\50452.xlsx
1010,1011,2005\50453.xlsx
1011,1012,2005\50454.xlsx
1012,1013,2005\50455.xlsx
1013,1014,2005\50456.xlsx
1014,1015,2005\50457.xlsx
1015,1016,2005\50458.xlsx
1016,1017,2005\50459.xlsx
1017,1018,2005\50460.xlsx
1018,1019,2005\50461.xlsx
1019,1020,2005\50462.xlsx
1020,1021,2005\50463.xlsx
1021,1022,2005\50464.xlsx
1022,1023,2005\50465.xlsx
1023,1024,2005\50466.xlsx
1024,1025,2005\50467.xlsx
1025,1026,2005\50468.xlsx
1026,1027,2005\50469.xlsx
1027,1028,2005\50470.xlsx
1028,1029,2005\50471.xlsx
1029,1030,2005\50472.xlsx
1030,1031,2005\50473.xlsx
1031,1032,2005\50474.xlsx
1032,1033,2005\50475.xlsx
1033,1034,2005\50476.xlsx
1034,1035,2005\50477.xlsx
1035,1036,2005\50478.xlsx
1036,1037,2005\50479.xlsx
1037,1038,2005\50480.xlsx
1038,1039,2005\50481.xlsx
1039,1040,2005\50482.xlsx
1040,1041,2005\50483.xlsx
1041,1042,2005\50484.xlsx
1042,1043,2005\50485.xlsx
1043,1044,2005\50486.xlsx
1044,1045,2005\50487.xlsx
1045,1046,2005\50488.xlsx
1046,1047,2005\50489.xlsx
1047,1048,2005\50490.xlsx
1048,1049,2005\50491.xlsx
1049,1051,2005\50493.xlsx
1050,1052,2005\50494.xlsx
1051,1053,2005\50495.xlsx
1052,1054,2005\50496.xlsx
1053,1055,2005\50497.xlsx
1054,1056,2005\50498.xlsx
1055,1057,2005\50499.xlsx
1056,1058,2005\50501.xlsx
1057,1059,2005\50502.xlsx
1058,1060,2005\50503.xlsx
1059,1061,2005\50504.xlsx
1060,1062,2005\50505.xlsx
1061,1063,2005\50506.xlsx
1062,1064,2005\50507.xlsx
1063,1065,2005\50508.xlsx
1064,1066,2005\50509.xlsx
1065,1067,2005\50510.xlsx
1066,1068,2005\50511.xlsx
1067,1069,2005\50512.xlsx
1068,1070,2005\50513.xlsx
1069,1071,2005\50514.xlsx
1070,1072,2005\50515.xlsx
1071,1073,2005\50516.xlsx
1072,1074,2005\50517.xlsx
1073,1075,2005\50518.xlsx
1074,1076,2005\50519.xlsx
1075,1077,2005\50520.xlsx
1076,1078,2005\50521.xlsx
1077,1079,2005\50522.xlsx
1078,1080,2005\50523.xlsx
1079,1081,2005\50524.xlsx
1080,1082,2005\50525.xlsx
1081,1083,2005\50526.xlsx
1082,1084,2005\50527.xlsx
1083,1085,2005\50528.xlsx
1084,1086,2005\50529.xlsx
1085,1087,2005\50530.xlsx
1086,1088,2005\50531.xlsx
1087,1089,2005\50532.xlsx
1088,1090,2005\50533.xlsx
1089,1091,2005\50534.xlsx
1090,1092,2005\50535.xlsx
1091,1093,2005\50536.xlsx
1092,1094,2005\50537.xlsx
1093,1095,2005\50538.xlsx
1094,1096,2005\50539.xlsx
1095,1097,2005\50540.xlsx
1096,1098,2005\50541.xlsx
1097,1099,2005\50542.xlsx
1098,1100,2005\50543.xlsx
1099,1101,2005\50544.xlsx
1100,1102,2005\50545.xlsx
1101,1103,2005\50546.xlsx
1102,1104,2005\50547.xlsx
1103,1105,2005\50548.xlsx
1104,1106,2005\50549.xlsx
1105,1107,2005\50550.xlsx
1106,1108,2005\50551.xlsx
1107,1109,2005\50552.xlsx
1108,1110,2005\50553.xlsx
1109,1111,2005\50554.xlsx
1110,1112,2005\50555.xlsx
1111,1113,2005\50556.xlsx
1112,1114,2005\50557.xlsx
1113,1115,2005\50558.xlsx
1114,1116,2005\50559.xlsx
1115,1117,2005\50560.xlsx
1116,1118,2005\50561.xlsx
1117,1119,2005\50562.xlsx
1118,1120,2005\50563.xlsx
1119,1121,2005\50564.xlsx
1120,1122,2005\50565.xlsx
1121,1124,2005\50567.xlsx
1122,1125,2005\50568.xlsx
1123,1126,2005\50569.xlsx
1124,1127,2005\50570.xlsx
1125,1128,2005\50571.xlsx
1126,1129,2005\50572.xlsx
1127,1130,2005\50573.xlsx
1128,1131,2005\50574.xlsx
1129,1132,2005\50575.xlsx
1130,1133,2005\50576.xlsx
1131,1134,2005\50577.xlsx
1132,1136,2005\50579.xlsx
1133,1137,2005\50580.xlsx
1134,1138,2005\50581.xlsx
1135,1139,2005\50582.xlsx
1136,1140,2005\50583.xlsx
1137,1141,2005\50584.xlsx
1138,1142,2005\50585.xlsx
1139,1143,2005\50586.xlsx
1140,1144,2005\50587.xlsx
1141,1145,2005\50588.xlsx
1142,1146,2005\50589.xlsx
1143,1147,2005\50590.xlsx
1144,1148,2005\50591.xlsx
1145,1149,2005\50592.xlsx
1146,1150,2005\50593.xlsx
1147,1151,2005\50594.xlsx
1148,1152,2005\50595.xlsx
1149,1153,2005\50596.xlsx
1150,1154,2005\50597.xlsx
1151,1155,2005\50598.xlsx
1152,1156,2005\50599.xlsx
1153,1157,2005\50600.xlsx
1154,1158,2005\50601.xlsx
1155,1159,2005\50602.xlsx
1156,1160,2005\50603.xlsx
1157,1161,2005\50604.xlsx
1158,1162,2005\50605.xlsx
1159,1163,2005\50606.xlsx
1160,1164,2005\50607.xlsx
1161,1165,2005\50608.xlsx
1162,1166,2005\50609.xlsx
1163,1167,2005\50610.xlsx
1164,1168,2005\50611.xlsx
1165,1169,2005\50612.xlsx
1166,1170,2005\50613.xlsx
1167,1171,2005\50614.xlsx
1168,1172,2005\50615.xlsx
1169,1173,2005\50616.xlsx
1170,1174,2005\50617.xlsx
1171,1175,2005\50618.xlsx
1172,1176,2005\50619.xlsx
1173,1177,2005\50620.xlsx
1174,1178,2005\50621.xlsx
1175,1179,2005\50622.xlsx
1176,1180,2005\50623.xlsx
1177,1181,2005\50624.xlsx
1178,1182,2005\50625.xlsx
1179,1183,2005\50626.xlsx
1180,1184,2005\50627.xlsx
1181,1185,2005\50628.xlsx
1182,1186,2005\50629.xlsx
1183,1187,2005\50630.xlsx
1184,1188,2005\50631.xlsx
1185,1189,2005\50632.xlsx
1186,1190,2005\50633.xlsx
1187,1191,2005\50634.xlsx
1188,1192,2005\50635.xlsx
1189,1193,2005\50636.xlsx
1190,1194,2005\50637.xlsx
1191,1195,2005\50638.xlsx
1192,1196,2005\50639.xlsx
1193,1197,2005\50640.xlsx
1194,1198,2005\50641.xlsx
1195,1199,2005\50642.xlsx
1196,1200,2005\50643.xlsx
1197,1201,2005\50644.xlsx
1198,1202,2005\50645.xlsx
1199,1203,2005\50646.xlsx
1200,1204,2005\50647.xlsx
1201,1205,2005\50648.xlsx
1202,1206,2005\50649.xlsx
1203,1207,2005\50650.xlsx
1204,1208,2005\50651.xlsx
1205,1209,2005\50652.xlsx
1206,1210,2005\50653.xlsx
1207,1211,2005\50654.xlsx
1208,1212,2005\50655.xlsx
1209,1213,2005\50656.xlsx
1210,1214,2005\50657.xlsx
1211,1215,2005\50658.xlsx
1212,1216,2005\50659.xlsx
1213,1217,2005\50660.xlsx
1214,1218,2005\50661.xlsx
1215,1219,2005\50662.xlsx
1216,1220,2005\50663.xlsx
1217,1221,2005\50664.xlsx
1218,1222,2005\50665.xlsx
1219,1223,2005\50666.xlsx
1220,1224,2005\50667.xlsx
1221,1225,2005\50668.xlsx
1222,1226,2005\50669.xlsx
1223,1227,2005\50670.xlsx
1224,1228,2005\50671.xlsx
1225,1229,2005\50672.xlsx
1226,1230,2005\50673.xlsx
1227,1231,2005\50674.xlsx
1228,1232,2005\50675.xlsx
1229,1233,2005\50676.xlsx
1230,1234,2005\50677.xlsx
1231,1235,2005\50678.xlsx
1232,1236,2005\50679.xlsx
1233,1237,2005\50680.xlsx
1234,1238,2005\50681.xlsx
1235,1239,2005\50682.xlsx
1236,1240,2005\50683.xlsx
1237,1241,2005\50684.xlsx
1238,1242,2005\50685.xlsx
1239,1243,2005\50686.xlsx
1240,1244,2005\50687.xlsx
1241,1245,2005\50688.xlsx
1242,1246,2005\50689.xlsx
1243,1247,2005\50690.xlsx
1244,1248,2005\50691.xlsx
1245,1249,2005\50692.xlsx
1246,1250,2005\50693.xlsx
1247,1251,2005\50694.xlsx
1248,1252,2005\50695.xlsx
1249,1253,2005\50696.xlsx
1250,1254,2005\50697.xlsx
1251,1255,2005\50698.xlsx
1252,1256,2005\50699.xlsx
1253,1257,2005\50700.xlsx
1254,1258,2005\50701.xlsx
1255,1259,2005\50702.xlsx
1256,1260,2005\50703.xlsx
1257,1261,2005\50704.xlsx
1258,1262,2005\50705.xlsx
1259,1263,2005\50706.xlsx
1260,1264,2005\50707.xlsx
1261,1265,2005\50708.xlsx
1262,1266,2005\50709.xlsx
1263,1267,2005\50710.xlsx
1264,1268,2005\50711.xlsx
1265,1269,2005\50712.xlsx
1266,1270,2005\50713.xlsx
1267,1271,2005\50714.xlsx
1268,1272,2005\50715.xlsx
1269,1273,2005\50716.xlsx
1270,1274,2005\50717.xlsx
1271,1275,2005\50718.xlsx
1272,1276,2005\50719.xlsx
1273,1277,2005\50720.xlsx
1274,1278,2005\50721.xlsx
1275,1279,2005\50722.xlsx
1276,1280,2005\50723.xlsx
1277,1281,2005\50724.xlsx
1278,1282,2005\50725.xlsx
1279,1283,2005\50726.xlsx
1280,1284,2005\50727.xlsx
1281,1285,2005\50728.xlsx
1282,1286,2005\50729.xlsx
1283,1287,2005\50730.xlsx
1284,1288,2005\50731.xlsx
1285,1289,2005\50732.xlsx
1286,1290,2005\50733.xlsx
1287,1291,2005\50734.xlsx
1288,1292,2005\50735.xlsx
1289,1293,2005\50736.xlsx
1290,1294,2005\50737.xlsx
1291,1295,2005\50738.xlsx
1292,1296,2005\50739.xlsx
1293,1297,2005\50740.xlsx
1294,1298,2005\50741.xlsx
1295,1299,2005\50742.xlsx
1296,1300,2005\50743.xlsx
1297,1301,2005\50744.xlsx
1298,1302,2005\50745.xlsx
1299,1303,2005\50746.xlsx
1300,1304,2005\50747.xlsx
1301,1305,2005\50748.xlsx
1302,1306,2005\50749.xlsx
1303,1307,2005\50750.xlsx
1304,1308,2005\50751.xlsx
1305,1309,2005\50752.xlsx
1306,1310,2005\50753.xlsx
1307,1311,2005\50754.xlsx
1308,1312,2005\50755.xlsx
1309,1313,2005\50756.xlsx
1310,1314,2005\50757.xlsx
1311,1315,2005\50758.xlsx
1312,1316,2005\50759.xlsx
1313,1317,2005\50760.xlsx
1314,1318,2005\50761.xlsx
1315,1319,2005\50762.xlsx
1316,1320,2005\50763.xlsx
1317,1321,2005\50764.xlsx
1318,1322,2005\50765.xlsx
1319,1323,2005\50766.xlsx
1320,1324,2005\50767.xlsx
1321,1325,2005\50768.xlsx
1322,1326,2005\50769.xlsx
1323,1327,2005\50770.xlsx
1324,1328,2005\50771.xlsx
1325,1329,2005\50772.xlsx
1326,1330,2005\50773.xlsx
1327,1331,2005\50774.xlsx
1328,1332,2005\50775.xlsx
1329,1333,2005\50776.xlsx
1330,1334,2005\50777.xlsx
1331,1335,2005\50778.xlsx
1332,1336,2005\50779.xlsx
1333,1337,2005\50780.xlsx
1334,1338,2005\50781.xlsx
1335,1339,2005\50782.xlsx
1336,1340,2005\50783.xlsx
1337,1341,2005\50784.xlsx
1338,1342,2005\50785.xlsx
1339,1343,2005\50786.xlsx
1340,1344,2005\50787.xlsx
1341,1345,2005\50788.xlsx
1342,1346,2005\50789.xlsx
1343,1347,2005\50790.xlsx
1344,1348,2005\50791.xlsx
1345,1349,2005\50792.xlsx
1346,1350,2005\50793.xlsx
1347,1351,2005\50794.xlsx
1348,1352,2005\50795.xlsx
1349,1353,2005\50796.xlsx
1350,1354,2005\50797.xlsx
1351,1355,2005\50798.xlsx
1352,1356,2005\50799.xlsx
1353,1357,2005\50800.xlsx
1354,1358,2005\50801.xlsx
1355,1359,2005\50802.xlsx
1356,1360,2005\50803.xlsx
1357,1361,2005\50804.xlsx
1358,1362,2005\50805.xlsx
1359,1363,2005\50806.xlsx
1360,1364,2005\50807.xlsx
1361,1365,2005\50808.xlsx
1362,1366,2005\50809.xlsx
1363,1367,2005\50810.xlsx
1364,1368,2005\50811.xlsx
1365,1369,2005\50812.xlsx
1366,1370,2005\50813.xlsx
1367,1371,2005\50814.xlsx
1368,1372,2005\50815.xlsx
1369,1373,2005\50816.xlsx
1370,1374,2005\50817.xlsx
1371,1375,2005\50818.xlsx
1372,1376,2005\50819.xlsx
1373,1377,2005\50820.xlsx
1374,1378,2005\50821.xlsx
1375,1379,2005\50822.xlsx
1376,1380,2005\50823.xlsx
1377,1381,2005\50824.xlsx
1378,1382,2005\50825.xlsx
1379,1383,2005\50826.xlsx
1380,1384,2005\50827.xlsx
1381,1385,2005\50828.xlsx
1382,1386,2005\50829.xlsx
1383,1387,2005\50830.xlsx
1384,1388,2005\50831.xlsx
1385,1389,2005\50832.xlsx
1386,1390,2005\50833.xlsx
1387,1391,2005\50834.xlsx
1388,1392,2005\50835.xlsx
1389,1572,2006\60001.xlsx
1390,1573,2006\60002.xlsx
1391,1574,2006\60003.xlsx
1392,1575,2006\60004.xlsx
1393,1576,2006\60005.xlsx
1394,1577,2006\60006.xlsx
1395,1578,2006\60007.xlsx
1396,1579,2006\60008.xlsx
1397,1580,2006\60009.xlsx
1398,1581,2006\60010.xlsx
1400,1583,2006\60012.xlsx
1401,1584,2006\60013.xlsx
1402,1585,2006\60014.xlsx
1403,1586,2006\60015.xlsx
1405,1588,2006\60017.xlsx
1406,1589,2006\60018.xlsx
1407,1590,2006\60019.xlsx
1408,1591,2006\60020.xlsx
1409,1592,2006\60021.xlsx
1410,1593,2006\60022.xlsx
1411,1594,2006\60023.xlsx
1412,1595,2006\60024.xlsx
1413,1596,2006\60025.xlsx
1414,1597,2006\60026.xlsx
1415,1598,2006\60027.xlsx
1416,1599,2006\60028.xlsx
1417,1600,2006\60029D.xlsx
1419,1601,2006\60030.xlsx
1420,1602,2006\60031.xlsx
1421,1603,2006\60032.xlsx
1422,1604,2006\60033.xlsx
1423,1605,2006\60034.xlsx
1424,1606,2006\60035.xlsx
1425,1607,2006\60036.xlsx
1426,1608,2006\60037.xlsx
1427,1610,2006\60039.xlsx
1428,1611,2006\60040.xlsx
1429,1612,2006\60041.xlsx
1430,1613,2006\60042.xlsx
1431,1614,2006\60043.xlsx
1432,1615,2006\60044.xlsx
1433,1616,2006\60045.xlsx
1434,1617,2006\60046.xlsx
1435,1618,2006\60047.xlsx
1436,1619,2006\60048.xlsx
1437,1620,2006\60049.xlsx
1438,1621,2006\60050.xlsx
1439,1622,2006\60051.xlsx
1440,1623,2006\60052.xlsx
1441,1624,2006\60053.xlsx
1442,1625,2006\60054.xlsx
1443,1626,2006\60055.xlsx
1444,1627,2006\60056.xlsx
1445,1628,2006\60057.xlsx
1446,1629,2006\60058.xlsx
1447,1631,2006\60060.xlsx
1448,1632,2006\60061.xlsx
1449,1633,2006\60062.xlsx
1450,1634,2006\60063.xlsx
1451,1635,2006\60064.xlsx
1452,1636,2006\60065.xlsx
1453,1637,2006\60066.xlsx
1454,1638,2006\60067.xlsx
1455,1639,2006\60068.xlsx
1456,1640,2006\60069.xlsx
1457,1641,2006\60070.xlsx
1458,1642,2006\60071.xlsx
1459,1643,2006\60072.xlsx
1460,1644,2006\60073.xlsx
1461,1645,2006\60074.xlsx
1462,1646,2006\60075.xlsx
1463,1647,2006\60076.xlsx
1464,1648,2006\60077.xlsx
1465,1649,2006\60078.xlsx
1466,1650,2006\60079.xlsx
1467,1651,2006\60080.xlsx
1468,1652,2006\60081.xlsx
1469,1653,2006\60082.xlsx
1470,1654,2006\60083.xlsx
1471,1655,2006\60084.xlsx
1472,1656,2006\60085.xlsx
1473,1657,2006\60086.xlsx
1474,1658,2006\60087.xlsx
1475,1659,2006\60088.xlsx
1476,1660,2006\60089.xlsx
1477,1661,2006\60090.xlsx
1478,1662,2006\60091.xlsx
1479,1663,2006\60092.xlsx
1480,1664,2006\60093.xlsx
1481,1665,2006\60094.xlsx
1482,1666,2006\60095.xlsx
1483,1667,2006\60096.xlsx
1484,1668,2006\60097.xlsx
1485,1669,2006\60098.xlsx
1486,1670,2006\60099.xlsx
1487,1671,2006\60100.xlsx
1488,1672,2006\60101.xlsx
1489,1673,2006\60102.xlsx
1490,1674,2006\60103.xlsx
1491,1675,2006\60104.xlsx
1492,1676,2006\60105.xlsx
1493,1677,2006\60106.xlsx
1494,1678,2006\60107.xlsx
1495,1679,2006\60108.xlsx
1496,1680,2006\60109.xlsx
1497,1681,2006\60110.xlsx
1498,1682,2006\60111.xlsx
1499,1683,2006\60112.xlsx
1500,1684,2006\60113.xlsx
1501,1685,2006\60114.xlsx
1502,1686,2006\60115.xlsx
1503,1687,2006\60116.xlsx
1504,1688,2006\60117.xlsx
1505,1689,2006\60118.xlsx
1506,1690,2006\60119.xlsx
1507,1691,2006\60120.xlsx
1508,1692,2006\60121.xlsx
1509,1693,2006\60122.xlsx
1510,1694,2006\60123.xlsx
1511,1695,2006\60124.xlsx
1512,1696,2006\60125.xlsx
1513,1697,2006\60126.xlsx
1514,1698,2006\60127.xlsx
1515,1699,2006\60128.xlsx
1516,1700,2006\60129.xlsx
1517,1701,2006\60130.xlsx
1518,1702,2006\60131.xlsx
1519,1703,2006\60132.xlsx
1520,1704,2006\60133.xlsx
1521,1705,2006\60134.xlsx
1522,1706,2006\60135.xlsx
1523,1707,2006\60136.xlsx
1524,1708,2006\60137.xlsx
1525,1709,2006\60138.xlsx
1526,1710,2006\60139.xlsx
1527,1711,2006\60140.xlsx
1528,1712,2006\60141.xlsx
1529,1713,2006\60142.xlsx
1530,1714,2006\60143.xlsx
1531,1715,2006\60144.xlsx
1532,1716,2006\60145.xlsx
1533,1717,2006\60146.xlsx
1534,1718,2006\60147.xlsx
1535,1719,2006\60148.xlsx
1536,1720,2006\60149.xlsx
1537,1721,2006\60150.xlsx
1538,1722,2006\60151.xlsx
1539,1723,2006\60152.xlsx
1540,1724,2006\60153.xlsx
1541,1725,2006\60154.xlsx
1542,1726,2006\60155.xlsx
1543,1727,2006\60156.xlsx
1544,1728,2006\60157.xlsx
1545,1729,2006\60158.xlsx
1546,1730,2006\60159.xlsx
1547,1731,2006\60160.xlsx
1548,1732,2006\60161.xlsx
1549,1733,2006\60162.xlsx
1550,1734,2006\60163.xlsx
1551,1735,2006\60164.xlsx
1552,1736,2006\60165.xlsx
1553,1737,2006\60166.xlsx
1554,1738,2006\60167.xlsx
1555,1739,2006\60168.xlsx
1556,1740,2006\60169.xlsx
1557,1741,2006\60170.xlsx
1558,1742,2006\60171.xlsx
1559,1743,2006\60172.xlsx
1560,1744,2006\60173.xlsx
1561,1745,2006\60174.xlsx
1562,1746,2006\60175.xlsx
1563,1747,2006\60176.xlsx
1564,1748,2006\60177.xlsx
1565,1749,2006\60178.xlsx
1566,1750,2006\60179.xlsx
1567,1751,2006\60180.xlsx
1568,1752,2006\60181.xlsx
1569,1753,2006\60182.xlsx
1570,1754,2006\60183.xlsx
1571,1755,2006\60184.xlsx
1572,1756,2006\60185.xlsx
1573,1757,2006\60186.xlsx
1574,1758,2006\60187.xlsx
1575,1759,2007\70001.xlsx
1576,1760,2007\70002.xlsx
1577,1763,2007\70005.xlsx
1578,1764,2007\70006.xlsx
1579,1765,2007\70007.xlsx
1580,1766,2007\70008.xlsx
1581,1767,2007\70009.xlsx
1582,1768,2007\70010.xlsx
1583,1769,2007\70011.xlsx
1584,1770,2007\70012.xlsx
1585,1772,2007\70014.xlsx
1586,1773,2007\70015.xlsx
1587,1774,2007\70016.xlsx
1588,1775,2007\70017.xlsx
1589,1776,2007\70018.xlsx
1590,1777,2007\70019.xlsx
1591,1778,2007\70020.xlsx
1592,1779,2007\70021.xlsx
1593,1780,2007\70022.xlsx
1594,1781,2007\70023.xlsx
1595,1782,2007\70024.xlsx
1596,1783,2007\70025.xlsx
1597,1784,2007\70026.xlsx
1598,1785,2007\70027.xlsx
1599,1786,2007\70028.xlsx
1600,1787,2007\70029.xlsx
1601,1788,2007\70030.xlsx
1602,1789,2007\70031.xlsx
1603,1790,2007\70032.xlsx
1604,1791,2007\70033.xlsx
1605,1792,2007\70034.xlsx
1606,1793,2007\70035.xlsx
1607,1794,2007\70036.xlsx
1608,1795,2007\70037.xlsx
1609,1796,2007\70038.xlsx
1610,1797,2007\70039.xlsx
1611,1798,2007\70040.xlsx
1612,1799,2007\70041.xlsx
1613,1800,2007\70042.xlsx
1614,1801,2007\70043.xlsx
1615,1802,2007\70044.xlsx
1616,1803,2007\70045.xlsx
1617,1804,2007\70046.xlsx
1618,1805,2007\70047.xlsx
1619,1806,2007\70048.xlsx
1620,1807,2007\70049.xlsx
1621,1808,2007\70050.xlsx
1622,1809,2007\70051.xlsx
1623,1810,2007\70052.xlsx
1624,1811,2007\70053.xlsx
1625,1812,2007\70054.xlsx
1626,1813,2007\70055.xlsx
1627,1814,2007\70056.xlsx
1628,1815,2007\70057.xlsx
1629,1816,2007\70058.xlsx
1630,1818,2007\70060.xlsx
1631,1819,2007\70061.xlsx
1632,1820,2007\70062.xlsx
1633,1821,2007\70063.xlsx
1634,1822,2007\70064.xlsx
1635,1823,2007\70065.xlsx
1636,1824,2007\70066.xlsx
1637,1825,2007\70067.xlsx
1638,1826,2007\70068.xlsx
1639,1827,2007\70069.xlsx
1640,1828,2007\70070.xlsx
1641,1829,2007\70071.xlsx
1642,1830,2007\70072.xlsx
1643,1831,2007\70073.xlsx
1644,1832,2007\70074.xlsx
1645,1833,2007\70075.xlsx
1646,1834,2007\70076.xlsx
1647,1835,2007\70077.xlsx
1648,1836,2007\70078.xlsx
1649,1837,2007\70079.xlsx
1650,1838,2007\70080.xlsx
1651,1839,2007\70081.xlsx
1652,1840,2007\70082.xlsx
1653,1841,2007\70083.xlsx
1654,1842,2007\70084.xlsx
1655,1843,2007\70085.xlsx
1656,1845,2007\70087.xlsx
1657,1846,2007\70088.xlsx
1658,1847,2007\70089.xlsx
1659,1848,2007\70090.xlsx
1660,1849,2007\70091.xlsx
1661,1850,2007\70092.xlsx
1662,1851,2007\70093.xlsx
1663,1852,2007\70094.xlsx
1664,1853,2007\70095.xlsx
1665,1854,2007\70096.xlsx
1666,1855,2007\70097.xlsx
1667,1856,2007\70098.xlsx
1668,1857,2007\70099.xlsx
1669,1858,2007\70100.xlsx
1670,1859,2007\70101.xlsx
1671,1860,2007\70102.xlsx
1672,1861,2007\70103.xlsx
1673,1862,2007\70104.xlsx
1674,1863,2007\70105.xlsx
1675,1864,2007\70106.xlsx
1676,1865,2007\70107.xlsx
1677,1866,2007\70108.xlsx
1678,1867,2007\70109.xlsx
1679,1868,2007\70110.xlsx
1680,1869,2007\70111.xlsx
1681,1870,2007\70112.xlsx
1682,1871,2007\70113.xlsx
1683,1872,2007\70114.xlsx
1684,1874,2007\70116.xlsx
1685,1875,2007\70117.xlsx
1686,1876,2007\70118.xlsx
1687,1877,2007\70119.xlsx
1688,1878,2007\70120.xlsx
1689,1879,2007\70121.xlsx
1690,1880,2007\70122.xlsx
1691,1881,2007\70123.xlsx
1692,1882,2007\70124.xlsx
1693,1883,2007\70125.xlsx
1694,1884,2007\70126.xlsx
1695,1885,2007\70127.xlsx
1696,1886,2007\70128.xlsx
1697,1887,2007\70129.xlsx
1698,1888,2007\70130.xlsx
1699,1889,2007\70131.xlsx
1700,1890,2007\70132.xlsx
1701,1891,2007\70133.xlsx
1702,1892,2007\70134.xlsx
1703,1893,2007\70135.xlsx
1704,1894,2007\70136.xlsx
1705,1895,2007\70137.xlsx
1706,1896,2007\70138.xlsx
1707,1897,2007\70139.xlsx
1708,1898,2007\70140.xlsx
1709,1899,2007\70141.xlsx
1710,1900,2007\70142.xlsx
1711,1901,2007\70143.xlsx
1712,1902,2007\70144.xlsx
1713,1903,2007\70145.xlsx
1714,1904,2007\70146.xlsx
1715,1905,2007\70147.xlsx
1716,1906,2007\70148.xlsx
1717,1907,2007\70149.xlsx
1718,1908,2007\70150.xlsx
1719,1909,2007\70151.xlsx
1720,1910,2007\70152.xlsx
1721,1911,2007\70153.xlsx
1722,1912,2007\70154.xlsx
1723,1913,2007\70155.xlsx
1724,1914,2007\70156.xlsx
1725,1915,2007\70157.xlsx
1726,1916,2007\70158.xlsx
1727,1917,2007\70159.xlsx
1728,1918,2007\70160.xlsx
1729,1919,2007\70161.xlsx
1730,1920,2007\70162.xlsx
1731,1921,2007\70163.xlsx
1732,1922,2007\70164.xlsx
1733,1923,2007\70165.xlsx
1734,1924,2007\70166.xlsx
1735,1925,2007\70167.xlsx
1736,1926,2007\70168.xlsx
1737,1927,2007\70169.xlsx
1738,1928,2007\70170.xlsx
1739,1929,2007\70171.xlsx
1740,1930,2007\70172.xlsx
1741,1931,2007\70173.xlsx
1742,1932,2007\70174.xlsx
1743,1933,2007\70175.xlsx
1744,1934,2007\70176.xlsx
1745,1935,2007\70177.xlsx
1746,1936,2007\70178.xlsx
1747,1937,2007\70179.xlsx
1748,1938,2007\70180.xlsx
1749,1939,2007\70181.xlsx
1750,1940,2007\70182.xlsx
1751,1941,2007\70183.xlsx
1752,1942,2007\70184.xlsx
1753,1943,2007\70185.xlsx
1755,1944,2008\80001.xlsx
1756,1945,2008\80002.xlsx
1757,1946,2008\80003.xlsx
1758,1947,2008\80004.xlsx
1759,1948,2008\80005.xlsx
1760,1949,2008\80006.xlsx
1761,1950,2008\80007.xlsx
1762,1951,2008\80008.xlsx
1763,1952,2008\80009.xlsx
1764,1953,2008\80010.xlsx
1765,1954,2008\80011.xlsx
1766,1955,2008\80012.xlsx
1767,1956,2008\80013.xlsx
1768,1957,2008\80014.xlsx
1769,1958,2008\80015.xlsx
1770,1959,2008\80016.xlsx
1771,1960,2008\80017.xlsx
1772,1962,2008\80019.xlsx
1773,1963,2008\80020.xlsx
1774,1964,2008\80021.xlsx
1775,1965,2008\80022.xlsx
1776,1966,2008\80023.xlsx
1777,1967,2008\80024.xlsx
1778,1968,2008\80025.xlsx
1779,1969,2008\80026.xlsx
1780,1970,2008\80027.xlsx
1781,1971,2008\80028.xlsx
1782,1973,2008\80030.xlsx
1783,1974,2008\80031.xlsx
1784,1975,2008\80032.xlsx
1785,1976,2008\80033.xlsx
1786,1977,2008\80034.xlsx
1787,1978,2008\80035.xlsx
1788,1979,2008\80036.xlsx
1789,1980,2008\80037.xlsx
1790,1981,2008\80038.xlsx
1791,1982,2008\80039.xlsx
1792,1983,2008\80040.xlsx
1793,1985,2008\80042.xlsx
1794,1986,2008\80043.xlsx
1795,1987,2008\80044.xlsx
1796,1988,2008\80045.xlsx
1797,1989,2008\80046.xlsx
1798,1990,2008\80047.xlsx
1799,1991,2008\80048.xlsx
1800,1992,2008\80049.xlsx
1801,1994,2008\80051.xlsx
1802,1995,2008\80052.xlsx
1803,1996,2008\80053.xlsx
1804,1997,2008\80054.xlsx
1805,1998,2008\80055.xlsx
1806,1999,2008\80056.xlsx
1807,2000,2008\80057.xlsx
1808,2001,2008\80058.xlsx
1809,2002,2008\80059.xlsx
1810,2003,2008\80060.xlsx
1811,2004,2008\80061.xlsx
1812,2005,2008\80062.xlsx
1813,2006,2008\80063.xlsx
1814,2007,2008\80064.xlsx
1815,2008,2008\80065.xlsx
1816,2009,2008\80066.xlsx
1817,2010,2008\80067.xlsx
1818,2011,2008\80068.xlsx
1819,2012,2008\80069.xlsx
1820,2013,2008\80070.xlsx
1821,2014,2008\80071.xlsx
1822,2015,2008\80072.xlsx
1826,2511,2011\VK0001.xlsx
1827,2346,2011\VK0002.xlsx
1828,2512,2011\VK0003.xlsx
1829,2513,2011\VK0005.xlsx
1830,2514,2011\VK0006.xlsx
1831,2515,2011\VK0007.xlsx
1832,2516,2011\VK0010.xlsx
1833,2517,2011\VK0011.xlsx
1834,2518,2011\VK0012.xlsx
1835,2519,2011\VK0013.xlsx
1836,2520,2011\VK0017.xlsx
1837,2521,2011\VK0019.xlsx
1838,2522,2011\VK0020.xlsx
1839,2523,2011\VK0021.xlsx
1840,2524,2011\VK0022.xlsx
1841,2525,2011\VK0024.xlsx
1842,2526,2011\VK0025.xlsx
1843,2527,2011\VK0026.xlsx
1844,2528,2011\VK0027.xlsx
1845,2529,2011\VK0028.xlsx
1846,2530,2011\VK0029.xlsx
1847,2531,2011\VK0031.xlsx
1848,2532,2011\VK0034.xlsx
1849,2533,2011\VK0037.xlsx
1850,2534,2011\VK0038.xlsx
1851,2535,2011\VK0039.xlsx
1852,2536,2011\VK0040.xlsx
1853,2537,2011\VK0041.xlsx
1854,2538,2011\VK0042.xlsx
1855,2539,2011\VK0044.xlsx
1856,2540,2011\VK0045.xlsx
1857,2541,2011\VK0046.xlsx
1858,2542,2011\VK0047.xlsx
1859,2543,2011\VK0048.xlsx
1860,2544,2011\VK0050.xlsx
1861,2558,2011\VK0051.xlsx
1862,2563,2011\VK0056.xlsx
1863,2568,2011\VK0061.xlsx
1864,2569,2011\VK0062.xlsx
1865,2570,2011\VK0063.xlsx
1866,2574,2011\VK0067.xlsx
1867,2576,2011\VK0069.xlsx
1868,2577,2011\VK0070.xlsx
1869,2579,2011\VK0072.xlsx
1870,2580,2011\VK0073.xlsx
1871,2581,2011\VK0074.xlsx
1872,2582,2011\VK0075.xlsx
1873,2583,2011\VK0076.xlsx
1874,2594,2011\VK0087.xlsx
1875,2595,2011\VK0088.xlsx
1876,2598,2011\VK0091.xlsx
1877,2599,2011\VK0092.xlsx
1878,2606,2011\VK0101.xlsx
1879,2607,2011\VK0102.xlsx
1880,2608,2011\VK0103.xlsx
1881,2612,2011\VK0105.xlsx
1882,2613,2011\VK0106.xlsx
1883,2616,2011\VK0109.xlsx
1884,2617,2011\VK0110.xlsx
1885,2619,2011\VK0112.xlsx
1886,2622,2011\VK0115.xlsx
1887,2623,2011\VK0116.xlsx
1888,2625,2011\VK0118.xlsx
1889,2626,2011\VK0119.xlsx
1890,2649,2011\VK0141.xlsx
1891,2650,2011\VK0142.xlsx
1892,2652,2011\VK0144.xlsx
1893,2658,2011\VK0150.xlsx
1894,2659,2011\VK0151.xlsx
1895,2666,2011\VK0156.xlsx
1896,2664,2011\VK0157.xlsx
1897,2670,2011\VK0162.xlsx
1898,2673,2011\VK0165.xlsx
1899,2679,2011\VK0171.xlsx
1900,2680,2011\VK0172.xlsx
1901,2681,2011\VK0173.xlsx
1902,2688,2011\VK0178.xlsx
1903,2690,2011\VK0181.xlsx
1904,2692,2011\VK0182.xlsx
1905,2696,2011\VK0185.xlsx
1906,2697,2011\VK0187.xlsx
1907,2698,2011\VK0188.xlsx
1910,2693,2011\VK0183.xlsx
1911,2699,2011\VK0189.xlsx
1912,2700,2011\VK0190.xlsx
1913,2701,2011\VK0191.xlsx
1914,2702,2011\VK0192.xlsx
1915,2705,2011\VK0195.xlsx
1916,2706,2011\VK0196.xlsx
1917,2707,2011\VK0197.xlsx
1918,2708,2011\VK0198.xlsx
1919,2709,2011\VK0199.xlsx
1920,2710,2011\VK0200.xlsx
1921,2711,2011\VK0201.xlsx
1922,2712,2011\VK0202.xlsx
1923,2713,2011\VK0203.xlsx
1924,2714,2011\VK0204.xlsx
1925,2715,2011\VK0205.xlsx
1926,2716,2011\VK0206.xlsx
1927,2717,2011\VK0207.xlsx
1928,2718,2011\VK0208.xlsx
1929,2719,2011\VK0209.xlsx
1930,2720,2011\VK0210.xlsx
1931,2721,2011\VK0211.xlsx
1932,2722,2011\VK0212.xlsx
1933,2723,2011\VK0214.xlsx
1934,2724,2011\VK0215.xlsx
1935,2729,2011\VK0217.xlsx
1936,2726,2011\VK0218.xlsx
1937,2727,2011\VK0219.xlsx
1938,2730,2011\VK0220.xlsx
1939,2731,2011\VK0221.xlsx
1940,2732,2011\VK0222.xlsx
1941,2733,2011\VK0223.xlsx
1942,2734,2011\VK0224.xlsx
1943,2735,2011\VK0225.xlsx
1944,2736,2011\VK0226.xlsx
1945,2738,2011\VK0228.xlsx
1946,2739,2011\VK0229.xlsx
1947,2741,2011\VK0231.xlsx
1948,2743,2011\VK0233.xlsx
1949,2744,2011\VK0234.xlsx
1950,2745,2011\VK0235.xlsx
1951,2747,2011\VK0237.xlsx
1952,2748,2011\VK0238.xlsx
1953,2749,2011\VK0239.xlsx
1954,2792,2011\VK0282.xlsx
1955,2793,2011\VK0283.xlsx
1956,2795,2011\VK0285.xlsx
1957,2797,2011\VK0287.xlsx
1958,2799,2011\VK0289.xlsx
1959,2803,2011\VK0293.xlsx
1960,2804,2011\VK0294.xlsx
1961,2806,2011\VK0296.xlsx
1962,2809,2011\VK0299.xlsx
1963,2817,2011\VK0301.xlsx
1964,2811,2011\VK0302.xlsx
1965,2812,2011\VK0303.xlsx
1966,2814,2011\VK0305.xlsx
1967,2815,2011\VK0306.xlsx
1968,2818,2011\VK0308.xlsx
1969,2819,2011\VK0309.xlsx
1970,2820,2011\VK0310.xlsx
1971,2822,2011\VK0312.xlsx
1972,2823,2011\VK0313.xlsx
1973,2824,2011\VK0314.xlsx
1974,2825,2011\VK0315.xlsx
1975,2826,2011\VK0316.xlsx
1976,2827,2011\VK0317.xlsx
1977,2829,2011\VK0319.xlsx
1978,2831,2011\VK0321.xlsx
1979,2832,2011\VK0322.xlsx
1980,2833,2011\VK0323.xlsx
1981,2834,2011\VK0324.xlsx
1982,2835,2011\VK0325.xlsx
1983,2836,2011\VK0326.xlsx
1984,2837,2011\VK0327.xlsx
1985,2839,2011\VK0329.xlsx
1986,2842,2011\VK0332.xlsx
1987,2843,2011\VK0333.xlsx
1988,2844,2011\VK0334.xlsx
1989,2845,2011\VK0335.xlsx
1990,2846,2011\VK0336.xlsx
1991,2848,2011\VK0338.xlsx
1992,2849,2011\VK0339.xlsx
1993,2850,2011\VK0340.xlsx
1994,2851,2011\VK0341.xlsx
1995,2852,2011\VK0342.xlsx
1996,2857,2011\VK0347.xlsx
1997,2858,2011\VK0348.xlsx
1998,2859,2011\VK0349.xlsx
1999,2860,2011\VK0350.xlsx
2000,2861,2011\VK0351.xlsx
2001,2862,2011\VK0352.xlsx
2002,2863,2011\VK0353.xlsx
2003,2864,2011\VK0354.xlsx
2004,2865,2011\VK0355.xlsx
2005,2866,2011\VK0356.xlsx
2006,2867,2011\VK0357.xlsx
2007,2868,2011\VK0359.xlsx
2008,2869,2011\VK0360.xlsx
2009,2870,2011\VK0361.xlsx
2010,2874,2011\VK0364.xlsx
2011,2879,2011\VK0369.xlsx
2012,2881,2011\VK0371.xlsx
2013,2882,2011\VK0372.xlsx
2014,2883,2011\VK0373.xlsx
2015,2884,2011\VK0374.xlsx
2016,2885,2011\VK0375.xlsx
2017,2886,2011\VK0376.xlsx
2018,2889,2011\VK0379.xlsx
2019,2890,2011\VK0380.xlsx
2020,2891,2011\VK0381.xlsx
2021,2895,2011\VK0382.xlsx
2022,2892,2011\VK0383.xlsx
2023,2894,2011\VK0385.xlsx
2024,2899,2011\VK0388.xlsx
2025,2897,2011\VK0390.xlsx
2026,2898,2011\VK0391.xlsx
2027,2901,2011\VK0393.xlsx
2028,2902,2011\VK0394.xlsx
2029,2903,2011\VK0395.xlsx
2030,2904,2011\VK0396.xlsx
2031,2905,2011\VK0397.xlsx
2032,2906,2011\VK0398.xlsx
2033,2907,2011\VK0399.xlsx
2034,2908,2011\VK0400.xlsx
2035,2909,2011\VK0401.xlsx
2036,2910,2011\VK0402.xlsx
2037,2913,2011\VK0405.xlsx
2038,2914,2011\VK0406.xlsx
2039,2915,2011\VK0407.xlsx
2040,2916,2011\VK0408.xlsx
2041,2918,2011\VK0410.xlsx
2042,2920,2011\VK0412.xlsx
2043,2921,2011\VK0413.xlsx
2044,2924,2011\VK0416.xlsx
2045,2928,2011\VK0418.xlsx
2046,2926,2011\VK0419.xlsx
2047,2929,2011\VK0421.xlsx
2048,2930,2011\VK0422.xlsx
2049,2931,2011\VK0423.xlsx
2050,2933,2012\VL0001.xlsx
2051,2345,2010\VJ0005.xlsx
2052,2351,2010\VJ0009.xlsx
2053,2352,2010\VJ0010.xlsx
2054,2353,2010\VJ0011.xlsx
2055,2354,2010\VJ0012.xlsx
2056,2356,2010\VJ0014.xlsx
2057,2361,2010\VJ0019.xlsx
2058,2362,2010\VJ0020.xlsx
2059,2363,2010\VJ0021.xlsx
2060,2364,2010\VJ0022.xlsx
2061,2369,2010\VJ0027.xlsx
2062,2370,2010\VJ0028.xlsx
2063,2374,2010\VJ0032.xlsx
2064,2375,2010\VJ0033.xlsx
2065,2383,2010\VJ0039.xlsx
2066,2384,2010\VJ0040.xlsx
2067,2385,2010\VJ0041.xlsx
2068,2388,2010\VJ0044.xlsx
2069,2394,2010\VJ0050.xlsx
2070,2396,2010\VJ0052.xlsx
2071,2401,2010\VJ0058.xlsx
2072,2402,2010\VJ0059.xlsx
2073,2403,2010\VJ0060.xlsx
2074,2406,2010\VJ0064.xlsx
2075,2408,2010\VJ0066.xlsx
2076,2409,2010\VJ0067.xlsx
2077,2410,2010\VJ0068.xlsx
2078,2412,2010\VJ0070.xlsx
2079,2419,2010\VJ0078.xlsx
2080,2420,2010\VJ0079.xlsx
2081,2421,2010\VJ0080.xlsx
2082,2422,2010\VJ0081.xlsx
2083,2934,2012\VL0002.xlsx
2084,2935,2012\VL0003.xlsx
2085,2936,2012\VL0004.xlsx
2086,2937,2012\VL0005.xlsx
2087,2938,2012\VL0006.xlsx
2088,2939,2012\VL0007.xlsx
2089,2940,2012\VL0008.xlsx
2090,2941,2012\VL0009.xlsx
2091,2942,2012\VL0010.xlsx
2092,2944,2012\VL0011.xlsx
2093,2946,2012\VL0013.xlsx
2094,2947,2012\VL0014.xlsx
2095,2948,2012\VL0015.xlsx
2096,2949,2012\VL0016.xlsx
2097,2950,2012\VL0017.xlsx
2098,2951,2012\VL0018.xlsx
2099,2952,2012\VL0019.xlsx
2100,2953,2012\VL0020.xlsx
2101,2954,2012\VL0021.xlsx
2102,2955,2012\VL0022.xlsx
2103,2956,2012\VL0023.xlsx
2104,2957,2012\VL0024.xlsx
2105,2958,2012\VL0025.xlsx
2106,2959,2012\VL0026.xlsx
2107,2960,2012\VL0027.xlsx
2108,2961,2012\VL0028.xlsx
2109,2962,2012\VL0029.xlsx
2110,2963,2012\VL0030.xlsx
2111,2964,2012\VL0031.xlsx
2112,2965,2012\VL0032.xlsx
2113,2966,2012\VL0033.xlsx
2114,2967,2012\VL0034.xlsx
2115,2968,2012\VL0035.xlsx
2116,2969,2012\VL0036.xlsx
2117,2970,2012\VL0037.xlsx
2118,2971,2012\VL0038.xlsx
2119,2972,2012\VL0039.xlsx
2120,2973,2012\VL0040.xlsx
2121,2974,2012\VL0041.xlsx
2122,2975,2012\VL0042.xlsx
2123,2976,2012\VL0053.xlsx
2124,2981,2012\VL0043.xlsx
2125,2982,2012\VL0044.xlsx
2126,2983,2012\VL0045.xlsx
2127,2984,2012\VL0046.xlsx
2128,2985,2012\VL0047.xlsx
2129,2986,2012\VL0048.xlsx
2130,2987,2012\VL0050.xlsx
2131,2988,2012\VL0052.xlsx
2132,2989,2012\VL0054.xlsx
2133,2990,2012\VL0055.xlsx
2134,2991,2012\VL0056.xlsx
2135,2992,2012\VL0058.xlsx
2136,2993,2012\VL0059.xlsx
2137,2994,2012\VL0060.xlsx
2138,2995,2012\VL0061.xlsx
2139,2996,2012\VL0063.xlsx
2140,2997,2012\VL0064.xlsx
2141,2998,2012\VL0065.xlsx
2142,2999,2012\VL0066.xlsx
2143,3000,2012\VL0068.xlsx
2144,3003,2012\VL0070.xlsx
2145,3004,2012\VL0071.xlsx
2146,3005,2012\VL0072.xlsx
2147,3006,2012\VL0073.xlsx
2148,3007,2012\VL0074.xlsx
2149,3008,2012\VL0077.xlsx
2150,3009,2012\VL0078.xlsx
2151,3010,2012\VL0079.xlsx
2152,3011,2012\VL0080.xlsx
2153,3012,2012\VL0081.xlsx
2154,3013,2012\VL0084.xlsx
2155,3014,2012\VL0085.xlsx
2156,3019,2012\VL0083.xlsx
2157,3020,2012\VL0086.xlsx
2158,3021,2012\VL0087.xlsx
2159,3022,2012\VL0089.xlsx
2160,3023,2012\VL0090.xlsx
2161,3024,2012\VL0091.xlsx
2162,3025,2012\VL0094.xlsx
2163,3026,2012\VL0095.xlsx
2164,3027,2012\VL0099.xlsx
2165,3028,2012\VL0100.xlsx
2166,3029,2012\VL0101.xlsx
2167,3030,2012\VL0105.xlsx
2168,3031,2012\VL0106.xlsx
2169,3032,2012\VL0107.xlsx
2170,3033,2012\VL0108.xlsx
2171,3034,2012\VL0109.xlsx
2172,3035,2012\VL0110.xlsx
2173,3036,2012\VL0111.xlsx
2174,3037,2012\VL0112.xlsx
2175,3038,2012\VL0113.xlsx
2176,3039,2012\VL0114.xlsx
2177,3040,2012\VL0115.xlsx
2178,3041,2012\VL0116.xlsx
2179,3042,2012\VL0117.xlsx
2180,3043,2012\VL0119.xlsx
2181,3044,2012\VL0120.xlsx
2182,3045,2012\VL0121.xlsx
2183,3046,2012\VL0122.xlsx
2184,3047,2012\VL0123.xlsx
2185,3048,2012\VL0124.xlsx
2186,3049,2012\VL0125.xlsx
2187,3060,2012\VL0126.xlsx
2188,3061,2012\VL0128.xlsx
2189,3062,2012\VL0129.xlsx
2190,3063,2012\VL0130.xlsx
2191,3064,2012\VL0131.xlsx
2192,3065,2012\VL0133.xlsx
2193,3066,2012\VL0134.xlsx
2194,3067,2012\VL0135.xlsx
2195,3068,2012\VL0136.xlsx
2196,3069,2012\VL0138.xlsx
2197,3073,2012\VL0139.xlsx
2198,3074,2012\VL0141.xlsx
2199,3075,2012\VL0143.xlsx
2200,3076,2012\VL0144.xlsx
2201,3077,2012\VL0145.xlsx
2202,3079,2012\VL0146.xlsx
2203,3080,2012\VL0147.xlsx
2204,3081,2012\VL0148.xlsx
2205,3082,2012\VL0149.xlsx
2206,3083,2012\VL0150.xlsx
2207,3084,2012\VL0151.xlsx
2208,3085,2012\VL0152.xlsx
2209,3086,2012\VL0153.xlsx
2210,3087,2012\VL0154.xlsx
2211,3088,2012\VL0155.xlsx
2212,3089,2012\VL0157.xlsx
2213,3090,2012\VL0158.xlsx
2214,3091,2012\VL0159.xlsx
2215,3092,2012\VL0160.xlsx
2216,3093,2012\VL0161.xlsx
2217,3094,2012\VL0162.xlsx
2218,3095,2012\VL0163.xlsx
2219,3096,2012\VL0156.xlsx
2220,3097,2012\VL0164.xlsx
2221,3098,2012\VL0165.xlsx
2222,3099,2012\VL0166.xlsx
2223,3100,2012\VL0167.xlsx
2224,3101,2012\VL0168.xlsx
2225,3102,2012\VL0169.xlsx
2226,3103,2012\VL0170.xlsx
2227,3104,2012\VL0171.xlsx
2228,3105,2012\VL0172.xlsx
2229,3106,2012\VL0173.xlsx
2230,3107,2012\VL0174.xlsx
2231,3108,2012\VL0175.xlsx
2232,3109,2012\VL0179.xlsx
2233,3110,2012\VL0182.xlsx
2234,3111,2012\VL0184.xlsx
2235,3112,2012\VL0185.xlsx
2236,3113,2012\VL0186.xlsx
2237,3121,2012\VL0187.xlsx
2238,3122,2012\VL0188.xlsx
2239,3123,2012\VL0189.xlsx
2240,3124,2012\VL0190.xlsx
2241,3120,2012\VL0191.xlsx
2242,3125,2012\VL0192.xlsx
2243,3126,2012\VL0193.xlsx
2244,3127,2012\VL0194.xlsx
2245,3128,2012\VL0195.xlsx
2246,3129,2012\VL0196.xlsx
2247,3130,2012\VL0197.xlsx
2248,3131,2012\VL0198.xlsx
2249,3132,2012\VL0199.xlsx
2250,3133,2012\VL0200.xlsx
2251,3134,2012\VL0201.xlsx
2252,3135,2012\VL0202.xlsx
2253,3136,2012\VL0203.xlsx
2254,3137,2012\VL0204.xlsx
2255,3138,2012\VL0205.xlsx
2256,3139,2012\VL0207.xlsx
2257,3140,2012\VL0209.xlsx
2258,3141,2012\VL0212.xlsx
2259,3142,2012\VL0213.xlsx
2260,3143,2012\VL0214.xlsx
2261,3144,2012\VL0215.xlsx
2262,3145,2012\VL0217.xlsx
2263,3146,2012\VL0218.xlsx
2264,3147,2012\VL0220.xlsx
2265,3148,2012\VL0221.xlsx
2266,3149,2012\VL0222.xlsx
2267,3150,2012\VL0224.xlsx
2268,3151,2012\VL0225.xlsx
2269,3152,2012\VL0226.xlsx
2270,3153,2012\VL0216.xlsx
2271,3167,2012\VL0227.xlsx
2272,3168,2012\VL0265.xlsx
2273,3169,2012\VL0253.xlsx
2274,3170,2012\VL0254.xlsx
2275,3171,2012\VL0255.xlsx
2276,3172,2012\VL0256.xlsx
2277,3173,2012\VL0257.xlsx
2278,3174,2012\VL0258.xlsx
2279,3175,2012\VL0259.xlsx
2280,3176,2012\VL0260.xlsx
2281,3177,2012\VL0261.xlsx
2282,3178,2012\VL0262.xlsx
2283,3179,2012\VL0263.xlsx
2284,3180,2012\VL0264.xlsx
2285,3181,2012\VL0270.xlsx
2286,3182,2012\VL0229.xlsx
2287,3183,2012\VL0230.xlsx
2288,3184,2012\VL0231.xlsx
2289,3185,2012\VL0233.xlsx
2290,3186,2012\VL0237.xlsx
2291,3187,2012\VL0238.xlsx
2292,3188,2012\VL0239.xlsx
2293,3189,2012\VL0241.xlsx
2294,3190,2012\VL0243.xlsx
2295,3191,2012\VL0244.xlsx
2296,3192,2012\VL0245.xlsx
2297,3193,2012\VL0246.xlsx
2298,3194,2012\VL0247.xlsx
2299,3195,2012\VL0248.xlsx
2300,3196,2012\VL0249.xlsx
2301,3197,2012\VL0250.xlsx
2302,2347,2010\VJ0001.xlsx
2303,2348,2010\VJ0006.xlsx
2304,2349,2010\VJ0007.xlsx
2305,2357,2010\VJ0015.xlsx
2306,2358,2010\VJ0016.xlsx
2307,2359,2010\VJ0017.xlsx
2308,2360,2010\VJ0018.xlsx
2309,2365,2010\VJ0023.xlsx
2310,2366,2010\VJ0024.xlsx
2311,2376,2010\VJ0034.xlsx
2312,3202,2012\VL0267.xlsx
2313,3203,2012\VL0268.xlsx
2314,3204,2012\VL0269.xlsx
2315,3205,2012\VL0271.xlsx
2316,3206,2012\VL0272.xlsx
2317,3207,2012\VL0273.xlsx
2318,3208,2012\VL0274.xlsx
2319,3209,2012\VL0275.xlsx
2320,3210,2012\VL0276.xlsx
2321,3211,2012\VL0277.xlsx
2322,3213,2012\VL0279.xlsx
2323,3214,2012\VL0280.xlsx
2324,3215,2012\VL0281.xlsx
2325,3232,2012\VL0297.xlsx
2326,3235,2012\VL0300.xlsx
2327,3243,2012\VL0308.xlsx
2328,3245,2012\VL0310.xlsx
2329,3247,2012\VL0311.xlsx
2330,3248,2012\VL0312.xlsx
2331,3255,2012\VL0319.xlsx
2332,3256,2012\VL0320.xlsx
2333,3257,2012\VL0321.xlsx
2334,3259,2012\VL0323.xlsx
2335,2602,2011\VK0097.xlsx
2336,2638,2011\VK0131.xlsx
2337,2640,2011\VK0133.xlsx
2338,2645,2011\VK0137.xlsx
2339,3263,2012\VL0327.xlsx
2340,3264,2012\VL0328.xlsx
2341,3266,2012\VL0330.xlsx
2342,3274,2012\VL0338.xlsx
2343,3276,2012\VL0340.xlsx
2344,3278,2012\VL0342.xlsx
2345,3279,2012\VL0343.xlsx
2346,3284,2012\VL0348.xlsx
2347,3287,2012\VL0351.xlsx
2348,3288,2012\VL0352.xlsx
2349,3292,2012\VL0356.xlsx
2350,3293,2012\VL0357.xlsx
2351,3295,2012\VL0359.xlsx
2352,3296,2012\VL0360.xlsx
2353,3301,2012\VL0365.xlsx
2354,3224,2012\VL0289.xlsx
2355,3231,2012\VL0296.xlsx
2356,3233,2012\VL0298.xlsx
2357,3268,2012\VL0332.xlsx
2358,3269,2012\VL0333.xlsx
2359,3277,2012\VL0341.xlsx
2360,3289,2012\VL0353.xlsx
2361,3291,2012\VL0355.xlsx
2362,3325,2012\VL0389.xlsx
2363,3297,2012\VL0361.xlsx
2364,3303,2012\VL0367.xlsx
2365,3304,2012\VL0368.xlsx
2366,3307,2012\VL0371.xlsx
2367,3310,2012\VL0374.xlsx
2368,3311,2012\VL0375.xlsx
2369,3313,2012\VL0377.xlsx
2370,3314,2012\VL0378.xlsx
2371,3315,2012\VL0379.xlsx
2372,3316,2012\VL0380.xlsx
2373,3317,2012\VL0381.xlsx
2374,3318,2012\VL0382.xlsx
2375,3320,2012\VL0384.xlsx
2376,3321,2012\VL0385.xlsx
2377,3323,2012\VL0386.xlsx
2378,2559,2011\VK0052.xlsx
2379,2593,2011\VK0086.xlsx
2380,2600,2011\VK0093.xlsx
2381,2637,2011\VK0130.xlsx
2382,2641,2011\VK0134.xlsx
2383,3326,2013\VM0001.xlsx
2384,3327,2013\VM0002.xlsx
2385,3328,2013\VM0003.xlsx
2386,3329,2013\VM0004.xlsx
2387,3330,2013\VM0005.xlsx
2388,3331,2013\VM0006.xlsx
2389,3332,2013\VM0007.xlsx
2390,3333,2013\VM0008.xlsx
2391,3334,2013\VM0009.xlsx
2392,3335,2013\VM0010.xlsx
2393,3336,2013\VM0011.xlsx
2394,3337,2013\VM0012.xlsx
2395,3338,2013\VM0013.xlsx
2396,3339,2013\VM0014.xlsx
2397,3340,2013\VM0015.xlsx
2398,3341,2013\VM0016.xlsx
2399,3342,2013\VM0017.xlsx
2400,3343,2013\VM0018.xlsx
2401,3344,2013\VM0019.xlsx
2402,2642,2011\VK0135.xlsx
2403,2646,2011\VK0138.xlsx
2404,3345,2013\VM0020.xlsx
2405,3346,2013\VM0021.xlsx
2406,3347,2013\VM0022.xlsx
2407,3348,2013\VM0023.xlsx
2408,2647,2011\VK0139.xlsx
2409,2766,2011\VK0257.xlsx
2410,3349,2013\VM0024.xlsx
2411,3350,2013\VM0025.xlsx
2412,3351,2013\VM0026.xlsx
2413,2768,2011\VK0258.xlsx
2414,3352,2013\VM0027.xlsx
2415,3353,2013\VM0029.xlsx
2416,3354,2013\VM0030.xlsx
2417,3355,2013\VM0031.xlsx
2418,2773,2011\VK0263.xlsx
2419,2774,2011\VK0264.xlsx
2420,2775,2011\VK0265.xlsx
2421,2779,2011\VK0269.xlsx
2422,2771,2011\VK0261.xlsx
2423,3356,2013\VM0028.xlsx
2424,2781,2011\VK0271.xlsx
2425,2782,2011\VK0272.xlsx
2426,2785,2011\VK0275.xlsx
2427,2786,2011\VK0276.xlsx
2428,2790,2011\VK0280.xlsx
2429,3358,2013\VM0033.xlsx
2430,3359,2013\VM0034.xlsx
2431,3360,2013\VM0035.xlsx
2432,3361,2013\VM0036.xlsx
2433,3362,2013\VM0038.xlsx
2434,3364,2013\VM0041.xlsx
2435,3365,2013\VM0047.xlsx
2436,3366,2013\VM0049.xlsx
2437,3367,2013\VM0050.xlsx
2438,3368,2013\VM0055.xlsx
2439,3369,2013\VM0062.xlsx
2440,3370,2013\VM0064.xlsx
2441,3371,2013\VM0066.xlsx
2442,3372,2013\VM0069.xlsx
2443,3373,2013\VM0072.xlsx
2444,3374,2013\VM0074.xlsx
2445,3375,2013\VM0077.xlsx
2446,3376,2013\VM0082.xlsx
2447,3377,2013\VM0089.xlsx
2448,3378,2013\VM0092.xlsx
2449,3379,2013\VM0093.xlsx
2450,3380,2013\VM0094.xlsx
2451,3393,2013\VM0096.xlsx
2452,3394,2013\VM0098.xlsx
2453,3395,2013\VM0099.xlsx
2454,3396,2013\VM0100.xlsx
2455,3397,2013\VM0104.xlsx
2456,3398,2013\VM0105.xlsx
2457,3399,2013\VM0106.xlsx
2458,3400,2013\VM0107.xlsx
2459,3401,2013\VM0108.xlsx
2460,3402,2013\VM0110.xlsx
2461,3403,2013\VM0111.xlsx
2462,3404,2013\VM0113.xlsx
2463,3405,2013\VM0114.xlsx
2464,3406,2013\VM0116.xlsx
2465,3407,2013\VM0117.xlsx
2466,3408,2013\VM0120.xlsx
2467,3409,2013\VM0122.xlsx
2468,3410,2013\VM0123.xlsx
2469,3411,2013\VM0124.xlsx
2470,3412,2013\VM0127.xlsx
2471,3413,2013\VM0167.xlsx
2472,3414,2013\VM0129.xlsx
2473,3415,2013\VM0130.xlsx
2474,3416,2013\VM0137.xlsx
2475,3417,2013\VM0138.xlsx
2476,3418,2013\VM0146.xlsx
2477,3419,2013\VM0149.xlsx
2478,3420,2013\VM0151.xlsx
2479,3421,2013\VM0154.xlsx
2480,3422,2013\VM0158.xlsx
2481,3423,2013\VM0165.xlsx
2482,3424,2013\VM0199.xlsx
2483,3425,2013\VM0166.xlsx
2484,3426,2013\VM0183.xlsx
2485,3427,2013\VM0184.xlsx
2486,3428,2013\VM0205.xlsx
2487,3429,2013\VM0206.xlsx
2488,3430,2013\VM0210.xlsx
2489,3431,2013\VM0134.xlsx
2490,3432,2013\VM0211.xlsx
2491,3433,2013\VM0216.xlsx
2492,3434,2013\VM0227.xlsx
2493,3435,2013\VM0229.xlsx
2494,3436,2013\VM0232.xlsx
2495,3437,2013\VM0237.xlsx
2496,3438,2013\VM0243.xlsx
2497,3439,2013\VM0250.xlsx
2498,3440,2013\VM0270.xlsx
2499,3441,2013\VM0275.xlsx
2500,3442,2013\VM0295.xlsx
2501,3443,2013\VM0042.xlsx
2502,3444,2013\VM0044.xlsx
2503,3445,2013\VM0045.xlsx
2504,3643,2013\VM0317.xlsx
2505,3658,2013\VM0332.xlsx
2506,3659,2013\VM0333.xlsx
2507,3666,2013\VM0340.xlsx
2508,3670,2013\VM0344.xlsx
2509,3676,2013\VM0350.xlsx
2510,3694,2013\VM0368.xlsx
2511,3702,2013\VM0376.xlsx
2512,3703,2013\VM0377.xlsx
2513,3706,2013\VM0380.xlsx
2514,3710,2013\VM0383.xlsx
2515,3716,2013\VM0389.xlsx
2516,3720,2013\VM0393.xlsx
2517,3722,2013\VM0395.xlsx
2518,3723,2013\VM0396.xlsx
2519,3728,2013\VM0401.xlsx
2520,3731,2013\VM0404.xlsx
2521,3733,2013\VM0406.xlsx
2522,3735,2013\VM0408.xlsx
2523,3449,2013\VM0043.xlsx
2524,3446,2013\VM0046.xlsx
2525,3447,2013\VM0048.xlsx
2526,3452,2013\VM0054.xlsx
2527,3455,2013\VM0059.xlsx
2528,3456,2013\VM0060.xlsx
2529,3457,2013\VM0068.xlsx
2530,3458,2013\VM0071.xlsx
2531,3477,2013\VM0115.xlsx
2532,3478,2013\VM0118.xlsx
2533,3479,2013\VM0119.xlsx
2534,3483,2013\VM0128.xlsx
2535,3487,2013\VM0135.xlsx
2536,3491,2013\VM0141.xlsx
2537,3493,2013\VM0142.xlsx
2538,3496,2013\VM0145.xlsx
2539,3501,2013\VM0153.xlsx
2540,3502,2013\VM0155.xlsx
2541,3741,2013\VM0414.xlsx
2542,3742,2013\VM0415.xlsx
2543,3743,2013\VM0416.xlsx
2544,3749,2013\VM0421.xlsx
2545,3755,2013\VM0427.xlsx
2546,3756,2013\VM0428.xlsx
2547,3762,2013\VM0434.xlsx
2548,3766,2013\VM0437.xlsx
2549,3767,2013\VM0441.xlsx
2550,3768,2013\VM0444.xlsx
2551,3769,2013\VM0445.xlsx
2552,3507,2013\VM0161.xlsx
2553,3509,2013\VM0163.xlsx
2554,3531,2013\VM0189.xlsx
2555,3534,2013\VM0192.xlsx
2556,3540,2013\VM0198.xlsx
2557,3764,2013\VM0436.xlsx
2558,3773,2013\VM0438.xlsx
2559,3774,2013\VM0439.xlsx
2560,3775,2013\VM0440.xlsx
2561,3776,2013\VM0442.xlsx
2562,3778,2013\VM0446.xlsx
2563,3779,2013\VM0447.xlsx
2564,3771,2013\VM0449.xlsx
2565,3780,2013\VM0451.xlsx
2566,3781,2013\VM0453.xlsx
2567,3784,2013\VM0458.xlsx
2568,3785,2013\VM0459.xlsx
2569,3786,2013\VM0460.xlsx
2570,3793,2013\VM0464.xlsx
2571,3794,2013\VM0466.xlsx
2572,3795,2013\VM0468.xlsx
2573,3796,2013\VM0470.xlsx
2574,3799,2013\VM0471.xlsx
2575,3807,2013\VM0473.xlsx
2576,3802,2013\VM0474.xlsx
2577,3803,2013\VM0475.xlsx
2578,3804,2013\VM0476.xlsx
2579,3806,2013\VM0477.xlsx
2580,3811,2013\VM0481.xlsx
2581,3814,2013\VM0484.xlsx
2582,3816,2013\VM0486.xlsx
2583,3817,2013\VM0487.xlsx
2584,3833,2013\VM0502.xlsx
2585,3834,2013\VM0503.xlsx
2586,3836,2013\VM0505.xlsx
2587,3840,2013\VM0507.xlsx
2588,3849,2013\VM0515.xlsx
2589,3855,2013\VM0516.xlsx
2590,3860,2013\VM0525.xlsx
2591,3876,2013\VM0539.xlsx
2592,3960,2013\VM0621.xlsx
2593,3448,2013\VM0051.xlsx
2594,3573,2013\VM0241.xlsx
2595,3451,2013\VM0053.xlsx
2596,3454,2013\VM0058.xlsx
2597,3459,2013\VM0061.xlsx
2598,3460,2013\VM0078.xlsx
2599,3461,2013\VM0079.xlsx
2600,3462,2013\VM0080.xlsx
2601,3463,2013\VM0081.xlsx
2602,3464,2013\VM0084.xlsx
2603,3466,2013\VM0087.xlsx
2604,3467,2013\VM0088.xlsx
2605,3499,2013\VM0150.xlsx
2606,3500,2013\VM0152.xlsx
2607,3519,2013\VM0172.xlsx
2608,3516,2013\VM0173.xlsx
2609,3523,2013\VM0180.xlsx
2610,3525,2013\VM0182.xlsx
2611,3529,2013\VM0188.xlsx
2612,3532,2013\VM0190.xlsx
2613,3535,2013\VM0193.xlsx
2614,3539,2013\VM0197.xlsx
2615,3543,2013\VM0202.xlsx
2616,3549,2013\VM0212.xlsx
2617,3552,2013\VM0215.xlsx
2618,3557,2013\VM0221.xlsx
2619,3558,2013\VM0222.xlsx
2620,3561,2013\VM0224.xlsx
2621,3563,2013\VM0226.xlsx
2622,3975,2013\VM0228.xlsx
2623,3565,2013\VM0231.xlsx
2624,3571,2013\VM0239.xlsx
2625,3572,2013\VM0240.xlsx
2626,3574,2013\VM0242.xlsx
2627,3575,2013\VM0245.xlsx
2628,3578,2013\VM0248.xlsx
2629,3579,2013\VM0249.xlsx
2630,3583,2013\VM0253.xlsx
2631,3596,2013\VM0266.xlsx
2632,3599,2013\VM0269.xlsx
2633,3600,2013\VM0271.xlsx
2634,3601,2013\VM0272.xlsx
2635,3603,2013\VM0274.xlsx
2636,3604,2013\VM0276.xlsx
2637,3605,2013\VM0277.xlsx
2638,3627,2013\VM0285.xlsx
2639,3616,2013\VM0289.xlsx
2640,3617,2013\VM0290.xlsx
2641,3618,2013\VM0291.xlsx
2642,3628,2013\VM0302.xlsx
2643,3631,2013\VM0305.xlsx
2644,3635,2013\VM0309.xlsx
2645,3642,2013\VM0316.xlsx
2646,3644,2013\VM0318.xlsx
2647,3651,2013\VM0325.xlsx
2648,3656,2013\VM0330.xlsx
2649,3657,2013\VM0331.xlsx
2650,3660,2013\VM0334.xlsx
2651,3662,2013\VM0336.xlsx
2652,3663,2013\VM0337.xlsx
2653,3669,2013\VM0343.xlsx
2654,3671,2013\VM0345.xlsx
2655,3674,2013\VM0348.xlsx
2656,3675,2013\VM0349.xlsx
2657,3683,2013\VM0357.xlsx
2658,3685,2013\VM0359.xlsx
2659,3686,2013\VM0360.xlsx
2660,3690,2013\VM0364.xlsx
2661,3693,2013\VM0367.xlsx
2662,3705,2013\VM0379.xlsx
2663,3711,2013\VM0384.xlsx
2664,3714,2013\VM0387.xlsx
2665,3719,2013\VM0392.xlsx
2666,3726,2013\VM0399.xlsx
2667,3740,2013\VM0413.xlsx
2668,3751,2013\VM0423.xlsx
2669,3754,2013\VM0426.xlsx
2670,3976,2013\VM0452.xlsx
2671,3800,2013\VM0455.xlsx
2672,3787,2013\VM0461.xlsx
2673,3788,2013\VM0462.xlsx
2674,3789,2013\VM0463.xlsx
2675,3790,2013\VM0465.xlsx
2676,3821,2013\VM0491.xlsx
2677,3823,2013\VM0493.xlsx
2678,3824,2013\VM0494.xlsx
2679,3832,2013\VM0501.xlsx
2680,3843,2013\VM0510.xlsx
2681,3864,2013\VM0529.xlsx
2682,3867,2013\VM0532.xlsx
2683,3870,2013\VM0535.xlsx
2684,3877,2013\VM0540.xlsx
2685,3879,2013\VM0542.xlsx
2686,3882,2013\VM0545.xlsx
2687,3883,2013\VM0546.xlsx
2688,3886,2013\VM0549.xlsx
2689,3887,2013\VM0550.xlsx
2690,3889,2013\VM0552.xlsx
2691,3890,2013\VM0553.xlsx
2692,3895,2013\VM0557.xlsx
2693,3896,2013\VM0558.xlsx
2694,3902,2013\VM0563.xlsx
2695,3903,2013\VM0564.xlsx
2696,3905,2013\VM0566.xlsx
2697,3907,2013\VM0568.xlsx
2698,3909,2013\VM0570.xlsx
2699,3913,2013\VM0574.xlsx
2700,3914,2013\VM0575.xlsx
2701,3915,2013\VM0576.xlsx
2702,3919,2013\VM0580.xlsx
2703,3925,2013\VM0586.xlsx
2704,3932,2013\VM0590.xlsx
2705,3929,2013\VM0591.xlsx
2706,3937,2013\VM0598.xlsx
2707,3939,2013\VM0600.xlsx
2708,3943,2013\VM0604.xlsx
2709,3947,2013\VM0608.xlsx
2710,3949,2013\VM0610.xlsx
2711,3956,2013\VM0617.xlsx
2712,3959,2013\VM0620.xlsx
2713,3962,2013\VM0623.xlsx
2714,3963,2013\VM0624.xlsx
2715,3965,2013\VM0626.xlsx
2716,3966,2013\VM0627.xlsx
2717,3967,2013\VM0628.xlsx
2718,3968,2013\VM0629.xlsx
2719,3971,2013\VM0632.xlsx
2720,3974,2013\VM0635.xlsx
2721,3987,2014\VN0009.xlsx
2722,3990,2014\VN0013.xlsx
2723,4001,2014\VN0022.xlsx
2724,4005,2014\VN0024.xlsx
2725,4013,2014\VN0028.xlsx
2726,4010,2014\VN0029.xlsx
2727,4071,2014\VN0095.xlsx
2728,4129,2014\VN0141.xlsx
2729,4138,2014\VN0157.xlsx
2730,4139,2014\VN0158.xlsx
2731,4256,2014\VN0289.xlsx
2732,4290,2014\VN0325.xlsx
2733,4292,2014\VN0327.xlsx
2734,4299,2014\VN0334.xlsx
2735,4303,2014\VN0339.xlsx
2736,4309,2014\VN0346.xlsx
2737,4315,2014\VN0354.xlsx
2738,4320,2014\VN0358.xlsx
2739,4327,2014\VN0365.xlsx
2740,4330,2014\VN0368.xlsx
2741,4335,2014\VN0374.xlsx
2742,4340,2014\VN0379.xlsx
2743,4341,2014\VN0380.xlsx
2744,4344,2014\VN0383.xlsx
2745,4352,2014\VN0391.xlsx
2746,4355,2014\VN0394.xlsx
2747,4356,2014\VN0395.xlsx
2748,4366,2014\VN0405.xlsx
2749,4367,2014\VN0406.xlsx
2750,4371,2014\VN0410.xlsx
2751,4377,2014\VN0416.xlsx
2752,4378,2014\VN0417.xlsx
2753,4380,2014\VN0419.xlsx
2754,4381,2014\VN0420.xlsx
2755,4385,2014\VN0424.xlsx
2756,4392,2014\VN0431.xlsx
2757,4393,2014\VN0432.xlsx
2758,4394,2014\VN0433.xlsx
2759,4401,2014\VN0440.xlsx
2760,4406,2014\VN0445.xlsx
2761,4412,2014\VN0451.xlsx
2762,4418,2014\VN0457.xlsx
2763,4424,2014\VN0463.xlsx
2764,4427,2014\VN0466.xlsx
2765,4428,2014\VN0467.xlsx
2766,4430,2014\VN0469.xlsx
2767,4435,2014\VN0474.xlsx
2768,4437,2014\VN0476.xlsx
2769,4439,2014\VN0478.xlsx
2770,4443,2014\VN0482.xlsx
2771,4447,2014\VN0486.xlsx
2772,4448,2014\VN0487.xlsx
2773,4454,2014\VN0493.xlsx
2774,4460,2014\VN0499.xlsx
2775,4464,2014\VN0503.xlsx
2776,4466,2014\VN0505.xlsx
2777,4468,2014\VN0507.xlsx
2778,4471,2014\VN0510.xlsx
2779,4474,2014\VN0513.xlsx
2780,4478,2014\VN0517.xlsx
2781,4479,2014\VN0518.xlsx
2782,4483,2014\VN0521.xlsx
2783,4484,2014\VN0522.xlsx
2784,4485,2014\VN0523.xlsx
2785,4486,2014\VN0524.xlsx
2786,4489,2014\VN0527.xlsx
2787,4490,2014\VN0528.xlsx
2788,4491,2014\VN0529.xlsx
2789,4493,2014\VN0531.xlsx
2790,4495,2014\VN0533.xlsx
2791,4496,2014\VN0534.xlsx
2792,4499,2014\VN0537.xlsx
2793,4500,2014\VN0538.xlsx
2794,4505,2014\VN0543.xlsx
2795,4507,2014\VN0545.xlsx
2796,4508,2014\VN0546.xlsx
2797,4509,2014\VN0547.xlsx
2798,4520,2014\VN0561.xlsx
2799,4522,2014\VN0563.xlsx
2800,4523,2014\VN0564.xlsx
2801,4524,2014\VN0565.xlsx
2802,4529,2014\VN0570.xlsx
2803,4531,2014\VN0572.xlsx
2804,4532,2014\VN0573.xlsx
2805,4533,2014\VN0574.xlsx
2806,4534,2014\VN0575.xlsx
2807,4536,2014\VN0577.xlsx
2808,4538,2014\VN0579.xlsx
2809,4541,2014\VN0582.xlsx
2810,4542,2014\VN0583.xlsx
2811,4543,2014\VN0584.xlsx
2812,4548,2014\VN0589.xlsx
2813,4555,2014\VN0596.xlsx
2814,4556,2014\VN0597.xlsx
2815,4561,2014\VN0600.xlsx
2816,4562,2014\VN0601.xlsx
2817,4564,2014\VN0603.xlsx
2818,4565,2014\VN0604.xlsx
2819,4566,2014\VN0605.xlsx
2820,4572,2014\VN0611.xlsx
2821,4581,2014\VN0620.xlsx
2822,4582,2014\VN0622.xlsx
2823,4590,2014\VN0631.xlsx
2824,4591,2014\VN0632.xlsx
2825,4592,2014\VN0633.xlsx
2826,4595,2014\VN0636.xlsx
2827,4599,2014\VN0640.xlsx
2828,4603,2014\VN0644.xlsx
2829,4604,2014\VN0645.xlsx
2830,4605,2014\VN0646.xlsx
2831,4616,2014\VN0657.xlsx
2832,4626,2014\VN0666.xlsx
2833,4628,2014\VN0668.xlsx
2834,4631,2014\VN0670.xlsx
2835,4636,2014\VN0675.xlsx
2836,4638,2014\VN0677.xlsx
2837,4639,2014\VN0678.xlsx
2838,4652,2014\VN0690.xlsx
2839,4655,2014\VN0693.xlsx
2840,4663,2014\VN0700.xlsx
2841,4669,2014\VN0706.xlsx
2842,4676,2014\VN0714.xlsx
2843,4684,2014\VN0722.xlsx
2844,4687,2014\VN0726.xlsx
2845,4689,2014\VN0728.xlsx
2846,4691,2014\VN0730.xlsx
2847,4692,2014\VN0731.xlsx
2848,4695,2014\VN0734.xlsx
2849,4696,2014\VN0735.xlsx
2850,4699,2014\VN0738.xlsx
2851,4706,2014\VN0745.xlsx
2852,4709,2014\VN0748.xlsx
2853,4715,2014\VN0754.xlsx
2854,4717,2014\VN0756.xlsx
2855,4720,2014\VN0759.xlsx
2856,4722,2014\VN0761.xlsx
2857,4724,2014\VN0763.xlsx
2858,4726,2014\VN0765.xlsx
2859,4727,2014\VN0766.xlsx
2860,4728,2014\VN0767.xlsx
2861,4729,2014\VN0768.xlsx
2862,4733,2014\VN0772.xlsx
2863,4736,2014\VN0775.xlsx
2864,4737,2014\VN0776.xlsx
2865,4738,2014\VN0777.xlsx
2866,4742,2014\VN0781.xlsx
2867,4743,2014\VN0782.xlsx
2868,4745,2014\VN0784.xlsx
2869,4748,2014\VN0787.xlsx
2870,4752,2014\VN0791.xlsx
2871,4753,2014\VN0793.xlsx
2872,4755,2014\VN0796.xlsx
2873,4756,2014\VN0797.xlsx
2874,4759,2014\VN0800.xlsx
2875,4760,2014\VN0801.xlsx
2876,4762,2014\VN0803.xlsx
2877,4764,2014\VN0805.xlsx
2878,4765,2014\VN0806.xlsx
2879,4768,2014\VN0809.xlsx
2880,4772,2014\VN0813.xlsx
2881,4776,2014\VN0816.xlsx
2882,4778,2014\VN0818.xlsx
2883,4780,2014\VN0820.xlsx
2884,4781,2014\VN0821.xlsx
2885,4784,2014\VN0824.xlsx
2886,4786,2014\VN0826.xlsx
2887,4787,2014\VN0827.xlsx
2888,4314,2014\VN0352.xlsx
2889,4347,2014\VN0386.xlsx
2890,4665,2014\VN0702.xlsx
2891,4666,2014\VN0703.xlsx
2892,4122,2014\VN0135.xlsx
2893,4145,2014\VN0153.xlsx
2894,4137,2014\VN0156.xlsx
2895,4141,2014\VN0160.xlsx
2896,4142,2014\VN0161.xlsx
2897,4196,2014\VN0209.xlsx
2898,4198,2014\VN0211.xlsx
2899,4219,2014\VN0234.xlsx
2900,4220,2014\VN0235.xlsx
2901,4224,2014\VN0241.xlsx
2902,4225,2014\VN0243.xlsx
2903,4226,2014\VN0244.xlsx
2904,4227,2014\VN0245.xlsx
2905,4230,2014\VN0247.xlsx
2906,4231,2014\VN0248.xlsx
2907,4234,2014\VN0252.xlsx
2908,4236,2014\VN0254.xlsx
2909,4240,2014\VN0258.xlsx
2910,4241,2014\VN0259.xlsx
2911,4242,2014\VN0260.xlsx
2912,4244,2014\VN0262.xlsx
2913,4255,2014\VN0288.xlsx
2914,4259,2014\VN0292.xlsx
2915,4262,2014\VN0294.xlsx
2916,4265,2014\VN0297.xlsx
2917,4272,2014\VN0304.xlsx
2918,4273,2014\VN0305.xlsx
2919,4279,2014\VN0311.xlsx
2920,4281,2014\VN0313.xlsx
2921,4294,2014\VN0329.xlsx
2922,4318,2014\VN0356.xlsx
2923,4353,2014\VN0392.xlsx
2924,4390,2014\VN0429.xlsx
2925,4402,2014\VN0441.xlsx
2926,4416,2014\VN0455.xlsx
2927,4423,2014\VN0462.xlsx
2928,4451,2014\VN0490.xlsx
2929,4452,2014\VN0491.xlsx
2930,4487,2014\VN0525.xlsx
2931,4515,2014\VN0554.xlsx
2932,4518,2014\VN0559.xlsx
2933,4519,2014\VN0560.xlsx
2934,4526,2014\VN0567.xlsx
2935,4530,2014\VN0571.xlsx
2936,4540,2014\VN0581.xlsx
2937,4544,2014\VN0585.xlsx
2938,4545,2014\VN0586.xlsx
2939,4546,2014\VN0587.xlsx
2940,4549,2014\VN0590.xlsx
2941,4550,2014\VN0591.xlsx
2942,4569,2014\VN0608.xlsx
2943,4574,2014\VN0613.xlsx
2944,4575,2014\VN0614.xlsx
2945,4576,2014\VN0615.xlsx
2946,4584,2014\VN0624.xlsx
2947,4589,2014\VN0630.xlsx
2948,4601,2014\VN0642.xlsx
2949,4612,2014\VN0653.xlsx
2950,4625,2014\VN0665.xlsx
2951,4656,2014\VN0694.xlsx
2952,4685,2014\VN0723.xlsx
2953,4703,2014\VN0742.xlsx
2954,4705,2014\VN0744.xlsx
2955,4712,2014\VN0751.xlsx
2956,4735,2014\VN0774.xlsx
2957,4740,2014\VN0779.xlsx
2958,4750,2014\VN0789.xlsx
2959,4793,2014\VN0833.xlsx
2960,4794,2014\VN0834.xlsx
2961,4795,2014\VN0835.xlsx
2962,5139,2014\VN0837.xlsx
2963,5140,2014\VN0839.xlsx
2964,5141,2014\VN0840.xlsx
2965,5142,2014\VN0841.xlsx
2966,4805,2015\VO0005.xlsx
2967,4806,2015\VO0006.xlsx
2968,4816,2015\VO0016.xlsx
2969,4818,2015\VO0018.xlsx
2970,4823,2015\VO0020.xlsx
2971,4835,2015\VO0033.xlsx
2972,4836,2015\VO0034.xlsx
2973,4842,2015\VO0038.xlsx
2974,4845,2015\VO0042.xlsx
2975,4846,2015\VO0043.xlsx
2976,4847,2015\VO0044.xlsx
2977,3989,2014\VN0012.xlsx
2978,4034,2014\VN0055.xlsx
2979,4037,2014\VN0058.xlsx
2980,4045,2014\VN0068.xlsx
2981,4054,2014\VN0074.xlsx
2982,4090,2014\VN0103.xlsx
2983,4033,2014\VN0053.xlsx
2984,4046,2014\VN0069.xlsx
2985,4062,2014\VN0084.xlsx
2986,4064,2014\VN0086.xlsx
2987,4075,2014\VN0099.xlsx
2988,4089,2014\VN0102.xlsx
2989,4093,2014\VN0105.xlsx
2990,4096,2014\VN0109.xlsx
2991,4107,2014\VN0120.xlsx
2992,4111,2014\VN0124.xlsx
2993,4113,2014\VN0126.xlsx
2994,4116,2014\VN0129.xlsx
2995,4119,2014\VN0132.xlsx
2996,4125,2014\VN0138.xlsx
2997,4135,2014\VN0148.xlsx
2998,4143,2014\VN0150.xlsx
2999,4144,2014\VN0151.xlsx
3000,4148,2014\VN0162.xlsx
3001,4152,2014\VN0166.xlsx
3002,4153,2014\VN0167.xlsx
3003,4154,2014\VN0168.xlsx
3004,4156,2014\VN0170.xlsx
3005,4159,2014\VN0173.xlsx
3006,4162,2014\VN0175.xlsx
3007,4166,2014\VN0179.xlsx
3008,4167,2014\VN0180.xlsx
3009,4168,2014\VN0181.xlsx
3010,4173,2014\VN0186.xlsx
3011,4178,2014\VN0191.xlsx
3012,4179,2014\VN0192.xlsx
3013,4185,2014\VN0198.xlsx
3014,4186,2014\VN0199.xlsx
3015,4187,2014\VN0200.xlsx
3016,4191,2014\VN0204.xlsx
3017,4192,2014\VN0205.xlsx
3018,4193,2014\VN0206.xlsx
3019,4194,2014\VN0207.xlsx
3020,4195,2014\VN0208.xlsx
3021,4200,2014\VN0213.xlsx
3022,4201,2014\VN0214.xlsx
3023,4202,2014\VN0215.xlsx
3024,4204,2014\VN0217.xlsx
3025,4206,2014\VN0220.xlsx
3026,4207,2014\VN0221.xlsx
3027,4209,2014\VN0223.xlsx
3028,3589,2013\VM0259.xlsx
3029,3590,2013\VM0260.xlsx
3030,3595,2013\VM0265.xlsx
3031,3606,2013\VM0278.xlsx
3032,3610,2013\VM0282.xlsx
3033,3612,2013\VM0284.xlsx
3034,3613,2013\VM0286.xlsx
3035,3614,2013\VM0287.xlsx
3036,3636,2013\VM0310.xlsx
3037,3648,2013\VM0322.xlsx
3038,3653,2013\VM0327.xlsx
3039,3654,2013\VM0328.xlsx
3040,3661,2013\VM0335.xlsx
3041,3665,2013\VM0339.xlsx
3042,3667,2013\VM0341.xlsx
3043,2382,2010\VJ0038.xlsx
3044,2386,2010\VJ0042.xlsx
3045,2389,2010\VJ0045.xlsx
3046,2391,2010\VJ0047.xlsx
3047,2392,2010\VJ0048.xlsx
3048,2393,2010\VJ0049.xlsx
3049,2398,2010\VJ0055.xlsx
3050,2415,2010\VJ0073.xlsx
3051,2424,2010\VJ0083.xlsx
3052,2425,2010\VJ0084.xlsx
3053,2441,2010\VJ0102.xlsx
3054,2442,2010\VJ0103.xlsx
3055,2444,2010\VJ0105.xlsx
3056,2446,2010\VJ0107.xlsx
3057,2447,2010\VJ0108.xlsx
3058,2449,2010\VJ0109.xlsx
3059,2450,2010\VJ0110.xlsx
3060,2452,2010\VJ0112.xlsx
3061,2453,2010\VJ0113.xlsx
3062,2455,2010\VJ0115.xlsx
3063,2456,2010\VJ0116.xlsx
3064,2459,2010\VJ0118.xlsx
3065,2461,2010\VJ0120.xlsx
3066,2465,2010\VJ0124.xlsx
3067,2467,2010\VJ0126.xlsx
3068,2469,2010\VJ0128.xlsx
3069,2470,2010\VJ0129.xlsx
3070,2473,2010\VJ0132.xlsx
3071,2475,2010\VJ0134.xlsx
3072,2476,2010\VJ0135.xlsx
3073,2480,2010\VJ0139.xlsx
3074,2481,2010\VJ0140.xlsx
3075,2482,2010\VJ0141.xlsx
3076,2484,2010\VJ0143.xlsx
3077,2485,2010\VJ0144.xlsx
3078,2489,2010\VJ0148.xlsx
3079,2490,2010\VJ0149.xlsx
3080,2491,2010\VJ0150.xlsx
3081,2492,2010\VJ0151.xlsx
3082,2494,2010\VJ0153.xlsx
3083,2495,2010\VJ0154.xlsx
3084,2499,2010\VJ0157.xlsx
3085,2500,2010\VJ0158.xlsx
3086,2501,2010\VJ0159.xlsx
3087,2504,2010\VJ0162.xlsx
3088,2505,2010\VJ0163.xlsx
3089,2457,2010\VJ0165.xlsx
3090,2507,2010\VJ0166.xlsx
3091,2508,2010\VJ0167.xlsx
3092,2509,2010\VJ0168.xlsx
3093,2510,2010\VJ0169.xlsx
3094,2448,2010\VJ0170.xlsx
3095,2586,2011\VK0079.xlsx
3096,2587,2011\VK0080.xlsx
3097,2588,2011\VK0081.xlsx
3098,2589,2011\VK0082.xlsx
3099,2590,2011\VK0083.xlsx
3100,2591,2011\VK0084.xlsx
3101,2592,2011\VK0085.xlsx
3102,2627,2011\VK0120.xlsx
3103,2628,2011\VK0121.xlsx
3104,2629,2011\VK0122.xlsx
3105,2632,2011\VK0125.xlsx
3106,2750,2011\VK0240.xlsx
3107,2751,2011\VK0241.xlsx
3108,2753,2011\VK0243.xlsx
3109,2754,2011\VK0244.xlsx
3110,2755,2011\VK0245.xlsx
3111,2767,2011\VK0246.xlsx
3112,2757,2011\VK0248.xlsx
3113,2758,2011\VK0249.xlsx
3114,2759,2011\VK0250.xlsx
3115,2760,2011\VK0251.xlsx
3116,2761,2011\VK0252.xlsx
3117,2763,2011\VK0254.xlsx
3118,2765,2011\VK0256.xlsx
3119,3689,2013\VM0363.xlsx
3120,3692,2013\VM0366.xlsx
3121,3699,2013\VM0373.xlsx
3122,3700,2013\VM0374.xlsx
3123,3709,2013\VM0382.xlsx
3124,3712,2013\VM0385.xlsx
3125,3713,2013\VM0386.xlsx
3126,3715,2013\VM0388.xlsx
3127,3725,2013\VM0398.xlsx
3128,3730,2013\VM0403.xlsx
3129,3738,2013\VM0411.xlsx
3130,3745,2013\VM0418.xlsx
3131,3758,2013\VM0430.xlsx
3132,3777,2013\VM0443.xlsx
3133,3772,2013\VM0450.xlsx
3134,3801,2013\VM0456.xlsx
3135,3828,2013\VM0498.xlsx
3136,3829,2013\VM0499.xlsx
3137,3835,2013\VM0504.xlsx
3138,3839,2013\VM0506.xlsx
3139,3856,2013\VM0521.xlsx
3140,3858,2013\VM0523.xlsx
3141,3861,2013\VM0526.xlsx
3142,3863,2013\VM0528.xlsx
3143,3869,2013\VM0534.xlsx
3144,3891,2013\VM0554.xlsx
3145,3892,2013\VM0555.xlsx
3146,3908,2013\VM0569.xlsx
3147,3920,2013\VM0581.xlsx
3148,3921,2013\VM0582.xlsx
3149,3922,2013\VM0583.xlsx
3150,3923,2013\VM0584.xlsx
3151,3927,2013\VM0588.xlsx
3152,3931,2013\VM0593.xlsx
3153,3933,2013\VM0594.xlsx
3154,3934,2013\VM0595.xlsx
3155,3942,2013\VM0603.xlsx
3156,3944,2013\VM0605.xlsx
3157,3946,2013\VM0607.xlsx
3158,3952,2013\VM0613.xlsx
3159,3954,2013\VM0615.xlsx
3160,4852,2015\VO0047.xlsx
3161,4860,2015\VO0056.xlsx
3162,4861,2015\VO0057.xlsx
3163,4862,2015\VO0058.xlsx
3164,4866,2015\VO0062.xlsx
3165,4867,2015\VO0063.xlsx
3166,4871,2015\VO0067.xlsx
3167,4872,2015\VO0068.xlsx
3168,4879,2015\VO0075.xlsx
3169,4880,2015\VO0076.xlsx
3170,4883,2015\VO0081.xlsx
3171,4890,2015\VO0087.xlsx
3172,4891,2015\VO0091.xlsx
3173,4897,2015\VO0092.xlsx
3174,4898,2015\VO0093.xlsx
3175,4903,2015\VO0098.xlsx
3176,4910,2015\VO0105.xlsx
3177,4911,2015\VO0107.xlsx
3178,4915,2015\VO0110.xlsx
3179,4916,2015\VO0111.xlsx
3180,4876,2015\VO0072.xlsx
3181,4889,2015\VO0085.xlsx
3182,4917,2015\VO0112.xlsx
3183,4924,2015\VO0119.xlsx
3184,4925,2015\VO0120.xlsx
3185,4926,2015\VO0121.xlsx
3186,4927,2015\VO0122.xlsx
3187,4928,2015\VO0123.xlsx
3188,4934,2015\VO0128.xlsx
3189,4940,2015\VO0133.xlsx
3190,4943,2015\VO0136.xlsx
3191,4944,2015\VO0137.xlsx
3192,4945,2015\VO0138.xlsx
3193,4946,2015\VO0140.xlsx
3194,4949,2015\VO0143.xlsx
3195,4951,2015\VO0145.xlsx
3196,4953,2015\VO0146.xlsx
3197,4954,2015\VO0147.xlsx
3198,4955,2015\VO0149.xlsx
3199,4956,2015\VO0150.xlsx
3200,4957,2015\VO0151.xlsx
3201,4963,2015\VO0156.xlsx
3202,4964,2015\VO0157.xlsx
3203,4965,2015\VO0158.xlsx
3204,4966,2015\VO0159.xlsx
3205,4968,2015\VO0163.xlsx
3206,4971,2015\VO0164.xlsx
3207,4972,2015\VO0165.xlsx
3208,4973,2015\VO0166.xlsx
3209,4974,2015\VO0167.xlsx
3210,4976,2015\VO0169.xlsx
3211,4977,2015\VO0170.xlsx
3212,4978,2015\VO0171.xlsx
3213,4979,2015\VO0173.xlsx
3214,4980,2015\VO0174.xlsx
3215,4983,2015\VO0177.xlsx
3216,4984,2015\VO0178.xlsx
3217,4986,2015\VO0179.xlsx
3218,4987,2015\VO0181.xlsx
3219,4988,2015\VO0182.xlsx
3220,4990,2015\VO0184.xlsx
3221,4991,2015\VO0185.xlsx
3222,4993,2015\VO0187.xlsx
3223,4995,2015\VO0189.xlsx
3224,5001,2015\VO0193.xlsx
3225,5003,2015\VO0197.xlsx
3226,5006,2015\VO0198.xlsx
3227,5012,2015\VO0206.xlsx
3228,5013,2015\VO0207.xlsx
3229,5017,2015\VO0209.xlsx
3230,5018,2015\VO0210.xlsx
3231,5019,2015\VO0211.xlsx
3232,5022,2015\VO0214.xlsx
3233,5023,2015\VO0216.xlsx
3234,5026,2015\VO0218.xlsx
3235,5027,2015\VO0220.xlsx
3236,5030,2015\VO0222.xlsx
3237,5031,2015\VO0224.xlsx
3238,5032,2015\VO0225.xlsx
3239,5035,2015\VO0228.xlsx
3240,5036,2015\VO0229.xlsx
3241,5037,2015\VO0230.xlsx
3242,5039,2015\VO0232.xlsx
3243,5040,2015\VO0233.xlsx
3244,5043,2015\VO0237.xlsx
3245,5050,2015\VO0239.xlsx
3246,5044,2015\VO0240.xlsx
3247,5051,2015\VO0243.xlsx
3248,5052,2015\VO0244.xlsx
3249,5053,2015\VO0245.xlsx
3250,5055,2015\VO0247.xlsx
3251,5058,2015\VO0250.xlsx
3252,5060,2015\VO0252.xlsx
3253,5062,2015\VO0254.xlsx
3254,5063,2015\VO0255.xlsx
3255,5064,2015\VO0256.xlsx
3256,5065,2015\VO0257.xlsx
3257,5066,2015\VO0258.xlsx
3258,5070,2015\VO0266.xlsx
3259,5073,2015\VO0268.xlsx
3260,5074,2015\VO0269.xlsx
3261,5075,2015\VO0270.xlsx
3262,5078,2015\VO0273.xlsx
